,SampleDate,CollectionTime,Analyte,result_mg_L,Latitude,Longitude,geometry
16365,2019-05-04,10:50,"Nitrate as N, Not Recorded",0.6,35.388487528,-120.581884487,POINT (-120.581884487 35.388487528)
2030,2021-05-01,08:58,"Nitrate as N, Dissolved",,35.388487528,-120.581884487,POINT (-120.581884487 35.388487528)
16237,2017-05-06,10:02,"Nitrate as N, Not Recorded",0.8,35.388487528,-120.581884487,POINT (-120.581884487 35.388487528)
9225,2025-01-29,07:45,"Nitrate + Nitrite as N, Total",11.7,36.33769,-121.20518,POINT (-121.20518 36.33769)
9357,2025-05-27,08:00,"Nitrate + Nitrite as N, Total",0.014,36.33769,-121.20518,POINT (-121.20518 36.33769)
6395,2024-01-30,11:20,"Nitrate + Nitrite as N, Total",2.52,36.33769,-121.20518,POINT (-121.20518 36.33769)
8567,2024-10-22,08:00,"Nitrate + Nitrite as N, Total",6.73,36.33769,-121.20518,POINT (-121.20518 36.33769)
10907,2026-03-24,08:00,"Nitrate + Nitrite as N, Total",5.7,36.33769,-121.20518,POINT (-121.20518 36.33769)
11985,2021-01-29,10:25,"Nitrate + Nitrite as N, Total",1.88,36.33769,-121.20518,POINT (-121.20518 36.33769)
10924,2026-01-27,11:10,"Nitrate + Nitrite as N, Total",3.83,36.553757,-121.547737,POINT (-121.547737 36.553757)
18600,2020-07-29,10:00,"Nitrate + Nitrite as N, Total",1.02,36.553757,-121.547737,POINT (-121.547737 36.553757)
18601,2020-08-26,10:35,"Nitrate + Nitrite as N, Total",1.1,36.553757,-121.547737,POINT (-121.547737 36.553757)
4819,2023-05-09,11:40,"Nitrate + Nitrite as N, Total",2.28,36.553757,-121.547737,POINT (-121.547737 36.553757)
6417,2024-03-27,13:20,"Nitrate + Nitrite as N, Total",2.19,36.553757,-121.547737,POINT (-121.547737 36.553757)
18468,2020-05-26,10:15,"Nitrate + Nitrite as N, Total",1.1,36.553757,-121.547737,POINT (-121.547737 36.553757)
16735,2021-05-26,10:45,"Nitrate + Nitrite as N, Total",0.373,36.553757,-121.547737,POINT (-121.547737 36.553757)
10925,2026-02-16,12:20,"Nitrate + Nitrite as N, Total",4.29,36.553757,-121.547737,POINT (-121.547737 36.553757)
18448,2020-05-26,12:40,"Nitrate + Nitrite as N, Total",0.752,36.33769,-121.20518,POINT (-121.20518 36.33769)
18449,2020-06-24,11:05,"Nitrate + Nitrite as N, Total",0.88,36.33769,-121.20518,POINT (-121.20518 36.33769)
16950,2023-01-25,13:25,"Nitrate + Nitrite as N, Total",1.13,36.33769,-121.20518,POINT (-121.20518 36.33769)
6267,2023-12-28,11:10,"Nitrate + Nitrite as N, Total",6.15,36.33769,-121.20518,POINT (-121.20518 36.33769)
6266,2023-11-28,11:15,"Nitrate + Nitrite as N, Total",7.3,36.33769,-121.20518,POINT (-121.20518 36.33769)
6265,2023-10-17,11:10,"Nitrate + Nitrite as N, Total",1.34,36.33769,-121.20518,POINT (-121.20518 36.33769)
10768,2025-10-21,10:00,"Nitrate + Nitrite as N, Total",13.3,36.33769,-121.20518,POINT (-121.20518 36.33769)
16718,2021-05-26,11:40,"Nitrate + Nitrite as N, Total",0.513,36.33769,-121.20518,POINT (-121.20518 36.33769)
16829,2021-07-27,12:05,"Nitrate + Nitrite as N, Total",0.089,36.33769,-121.20518,POINT (-121.20518 36.33769)
8439,2024-08-28,10:35,"Nitrate + Nitrite as N, Total",0.38,36.33769,-121.20518,POINT (-121.20518 36.33769)
8440,2024-09-24,11:20,"Nitrate + Nitrite as N, Total",0.816,36.33769,-121.20518,POINT (-121.20518 36.33769)
9358,2025-06-16,08:00,"Nitrate + Nitrite as N, Total",,36.33769,-121.20518,POINT (-121.20518 36.33769)
8568,2024-11-20,07:50,"Nitrate + Nitrite as N, Total",9.36,36.33769,-121.20518,POINT (-121.20518 36.33769)
16717,2021-04-27,08:45,"Nitrate + Nitrite as N, Total",0.449,36.33769,-121.20518,POINT (-121.20518 36.33769)
10906,2026-02-16,08:00,"Nitrate + Nitrite as N, Total",3.53,36.33769,-121.20518,POINT (-121.20518 36.33769)
5684,2023-07-26,11:55,"Nitrate + Nitrite as N, Total",0.38,36.33769,-121.20518,POINT (-121.20518 36.33769)
4803,2023-06-21,11:55,"Nitrate + Nitrite as N, Total",0.94,36.33769,-121.20518,POINT (-121.20518 36.33769)
10905,2026-01-27,08:00,"Nitrate + Nitrite as N, Total",4.32,36.33769,-121.20518,POINT (-121.20518 36.33769)
5685,2023-08-29,11:15,"Nitrate + Nitrite as N, Total",0.387,36.33769,-121.20518,POINT (-121.20518 36.33769)
6397,2024-03-27,11:20,"Nitrate + Nitrite as N, Total",2.14,36.33769,-121.20518,POINT (-121.20518 36.33769)
18447,2020-04-27,13:25,"Nitrate + Nitrite as N, Total",0.875,36.33769,-121.20518,POINT (-121.20518 36.33769)
16951,2023-02-23,13:30,"Nitrate + Nitrite as N, Total",1.52,36.33769,-121.20518,POINT (-121.20518 36.33769)
18312,2020-02-25,12:45,"Nitrate + Nitrite as N, Total",5.44,36.33769,-121.20518,POINT (-121.20518 36.33769)
18311,2020-01-28,11:30,"Nitrate + Nitrite as N, Total",4.5,36.33769,-121.20518,POINT (-121.20518 36.33769)
16719,2021-06-29,11:20,"Nitrate + Nitrite as N, Total",0.257,36.33769,-121.20518,POINT (-121.20518 36.33769)
10769,2025-11-18,09:00,"Nitrate + Nitrite as N, Total",6.26,36.33769,-121.20518,POINT (-121.20518 36.33769)
4802,2023-05-09,15:15,"Nitrate + Nitrite as N, Total",1.46,36.33769,-121.20518,POINT (-121.20518 36.33769)
9227,2025-03-25,07:30,"Nitrate + Nitrite as N, Total",0.676,36.33769,-121.20518,POINT (-121.20518 36.33769)
18584,2020-09-28,10:55,"Nitrate + Nitrite as N, Total",7.03,36.33769,-121.20518,POINT (-121.20518 36.33769)
18583,2020-08-26,12:15,"Nitrate + Nitrite as N, Total",1.15,36.33769,-121.20518,POINT (-121.20518 36.33769)
14968,2021-05-27,10:38,"Nitrate as N, Total",3.6,36.6223550569837,-121.666067528614,POINT (-121.666067528614 36.6223550569837)
9101,2025-03-05,10:37,"Nitrate as N, Total",0.2,36.6223550569837,-121.666067528614,POINT (-121.666067528614 36.6223550569837)
4682,2023-03-10,09:33,"Nitrate as N, Total",0.3,36.6223550569837,-121.666067528614,POINT (-121.666067528614 36.6223550569837)
14505,2021-11-09,13:15,"Nitrate as N, Total",1.1,36.6223550569837,-121.666067528614,POINT (-121.666067528614 36.6223550569837)
14942,2020-01-16,15:35,"Nitrate as N, Total",0.4,36.6223550569837,-121.666067528614,POINT (-121.666067528614 36.6223550569837)
14964,2021-01-22,11:11,"Nitrate as N, Total",1.2,36.6223550569837,-121.666067528614,POINT (-121.666067528614 36.6223550569837)
14965,2021-01-27,09:35,"Nitrate as N, Total",0.9,36.6223550569837,-121.666067528614,POINT (-121.666067528614 36.6223550569837)
10530,2026-04-21,10:19,"Nitrate as N, Total",0.6,36.6223550569837,-121.666067528614,POINT (-121.666067528614 36.6223550569837)
14966,2021-03-10,14:01,"Nitrate as N, Total",0.6,36.6223550569837,-121.666067528614,POINT (-121.666067528614 36.6223550569837)
12009,2021-02-24,09:35,"Nitrate + Nitrite as N, Total",,36.62905,-121.68815,POINT (-121.68815 36.62905)
12010,2021-03-23,09:10,"Nitrate + Nitrite as N, Total",1.03,36.62905,-121.68815,POINT (-121.68815 36.62905)
9373,2025-04-21,11:30,"Nitrate + Nitrite as N, Total",3.87,36.62905,-121.68815,POINT (-121.68815 36.62905)
9374,2025-05-27,11:00,"Nitrate + Nitrite as N, Total",,36.62905,-121.68815,POINT (-121.68815 36.62905)
9817,2025-09-16,11:00,"Nitrate + Nitrite as N, Total",0.338,36.62905,-121.68815,POINT (-121.68815 36.62905)
9375,2025-06-16,11:00,"Nitrate + Nitrite as N, Total",,36.62905,-121.68815,POINT (-121.68815 36.62905)
16846,2021-07-27,09:50,"Nitrate + Nitrite as N, Total",0.109,36.62905,-121.68815,POINT (-121.68815 36.62905)
18604,2020-07-29,09:15,"Nitrate + Nitrite as N, Total",0.971,36.62905,-121.68815,POINT (-121.68815 36.62905)
18605,2020-08-26,09:55,"Nitrate + Nitrite as N, Total",1.09,36.62905,-121.68815,POINT (-121.68815 36.62905)
18606,2020-09-28,09:30,"Nitrate + Nitrite as N, Total",0.309,36.62905,-121.68815,POINT (-121.68815 36.62905)
6284,2023-11-28,15:10,"Nitrate + Nitrite as N, Total",,36.62905,-121.68815,POINT (-121.68815 36.62905)
3008,2019-12-03,08:53,"Nitrate + Nitrite as N, Total",1.2,36.62905,-121.68815,POINT (-121.68815 36.62905)
6420,2024-01-31,14:45,"Nitrate + Nitrite as N, Total",1.23,36.62905,-121.68815,POINT (-121.68815 36.62905)
6421,2024-02-01,07:45,"Nitrate + Nitrite as N, Total",1.49,36.62905,-121.68815,POINT (-121.68815 36.62905)
6422,2024-03-28,12:30,"Nitrate + Nitrite as N, Total",3.16,36.62905,-121.68815,POINT (-121.68815 36.62905)
9816,2025-08-27,12:00,"Nitrate + Nitrite as N, Total",0.52,36.62905,-121.68815,POINT (-121.68815 36.62905)
8459,2024-09-26,10:20,"Nitrate + Nitrite as N, Total",1.71,36.62905,-121.68815,POINT (-121.68815 36.62905)
9815,2025-07-22,12:00,"Nitrate + Nitrite as N, Total",0.285,36.62905,-121.68815,POINT (-121.68815 36.62905)
5703,2023-09-26,10:50,"Nitrate + Nitrite as N, Total",1.18,36.62905,-121.68815,POINT (-121.68815 36.62905)
5702,2023-08-29,14:45,"Nitrate + Nitrite as N, Total",0.84,36.62905,-121.68815,POINT (-121.68815 36.62905)
5701,2023-07-27,07:15,"Nitrate + Nitrite as N, Total",0.624,36.62905,-121.68815,POINT (-121.68815 36.62905)
9247,2025-03-25,11:20,"Nitrate + Nitrite as N, Total",2.06,36.62905,-121.68815,POINT (-121.68815 36.62905)
6283,2023-10-18,07:20,"Nitrate + Nitrite as N, Total",0.87,36.62905,-121.68815,POINT (-121.68815 36.62905)
8458,2024-08-28,07:25,"Nitrate + Nitrite as N, Total",0.139,36.62905,-121.68815,POINT (-121.68815 36.62905)
8457,2024-07-31,08:05,"Nitrate + Nitrite as N, Total",1.04,36.62905,-121.68815,POINT (-121.68815 36.62905)
18471,2020-04-27,09:00,"Nitrate + Nitrite as N, Total",1.72,36.62905,-121.68815,POINT (-121.68815 36.62905)
16979,2023-03-30,08:20,"Nitrate + Nitrite as N, Total",0.789,36.62905,-121.68815,POINT (-121.68815 36.62905)
16978,2023-02-23,10:15,"Nitrate + Nitrite as N, Total",1.52,36.62905,-121.68815,POINT (-121.68815 36.62905)
18473,2020-06-24,09:05,"Nitrate + Nitrite as N, Total",0.997,36.62905,-121.68815,POINT (-121.68815 36.62905)
18472,2020-05-26,09:30,"Nitrate + Nitrite as N, Total",1.52,36.62905,-121.68815,POINT (-121.68815 36.62905)
4822,2023-04-25,10:20,"Nitrate + Nitrite as N, Total",2.68,36.62905,-121.68815,POINT (-121.68815 36.62905)
4823,2023-05-09,10:45,"Nitrate + Nitrite as N, Total",1.98,36.62905,-121.68815,POINT (-121.68815 36.62905)
4824,2023-06-21,08:15,"Nitrate + Nitrite as N, Total",1.73,36.62905,-121.68815,POINT (-121.68815 36.62905)
10930,2026-03-25,11:00,"Nitrate + Nitrite as N, Total",7.7,36.62905,-121.68815,POINT (-121.68815 36.62905)
10928,2026-01-27,13:00,"Nitrate + Nitrite as N, Total",3.56,36.62905,-121.68815,POINT (-121.68815 36.62905)
11876,2020-10-29,09:37,"Nitrate + Nitrite as N, Total",,36.62905,-121.68815,POINT (-121.68815 36.62905)
16977,2023-01-26,07:44,"Nitrate + Nitrite as N, Total",1.13,36.62905,-121.68815,POINT (-121.68815 36.62905)
12138,2021-12-27,10:15,"Nitrate + Nitrite as N, Total",0.046,36.62905,-121.68815,POINT (-121.68815 36.62905)
11877,2020-11-23,09:25,"Nitrate + Nitrite as N, Total",0.231,36.62905,-121.68815,POINT (-121.68815 36.62905)
10929,2026-02-18,12:30,"Nitrate + Nitrite as N, Total",2.09,36.62905,-121.68815,POINT (-121.68815 36.62905)
10784,2025-11-18,11:00,"Nitrate + Nitrite as N, Total",7.87,36.62905,-121.68815,POINT (-121.68815 36.62905)
10785,2025-12-29,11:30,"Nitrate + Nitrite as N, Total",0.492,36.62905,-121.68815,POINT (-121.68815 36.62905)
18332,2020-01-28,09:58,"Nitrate + Nitrite as N, Total",0.406,36.62905,-121.68815,POINT (-121.68815 36.62905)
8585,2024-10-22,10:20,"Nitrate + Nitrite as N, Total",1.27,36.62905,-121.68815,POINT (-121.68815 36.62905)
12008,2021-01-29,07:45,"Nitrate + Nitrite as N, Total",0.77,36.62905,-121.68815,POINT (-121.68815 36.62905)
595,2022-06-24,16:00,"Nitrate + Nitrite as N, Dissolved",54.592,36.692938,-121.728366,POINT (-121.728366 36.692938)
591,2022-06-10,12:00,"Nitrate + Nitrite as N, Dissolved",50.816,36.692938,-121.728366,POINT (-121.728366 36.692938)
597,2022-06-30,16:00,"Nitrate + Nitrite as N, Dissolved",24.352,36.692938,-121.728366,POINT (-121.728366 36.692938)
613,2022-11-01,16:00,"Nitrate + Nitrite as N, Dissolved",63.4,36.692938,-121.728366,POINT (-121.728366 36.692938)
599,2022-07-20,08:00,"Nitrate + Nitrite as N, Dissolved",56.256,36.692938,-121.728366,POINT (-121.728366 36.692938)
11987,2021-03-23,11:15,"Nitrate + Nitrite as N, Total",5.46,36.33769,-121.20518,POINT (-121.20518 36.33769)
11986,2021-02-24,11:45,"Nitrate + Nitrite as N, Total",4.59,36.33769,-121.20518,POINT (-121.20518 36.33769)
9226,2025-02-07,07:45,"Nitrate + Nitrite as N, Total",7.0,36.33769,-121.20518,POINT (-121.20518 36.33769)
9797,2025-08-27,09:00,"Nitrate + Nitrite as N, Total",0.385,36.33769,-121.20518,POINT (-121.20518 36.33769)
8438,2024-07-30,10:40,"Nitrate + Nitrite as N, Total",0.47,36.33769,-121.20518,POINT (-121.20518 36.33769)
9798,2025-09-16,09:00,"Nitrate + Nitrite as N, Total",0.645,36.33769,-121.20518,POINT (-121.20518 36.33769)
10770,2025-12-29,09:40,"Nitrate + Nitrite as N, Total",1.48,36.33769,-121.20518,POINT (-121.20518 36.33769)
5686,2023-09-26,13:40,"Nitrate + Nitrite as N, Total",0.731,36.33769,-121.20518,POINT (-121.20518 36.33769)
4801,2023-04-25,12:05,"Nitrate + Nitrite as N, Total",2.32,36.33769,-121.20518,POINT (-121.20518 36.33769)
18313,2020-03-17,13:15,"Nitrate + Nitrite as N, Total",3.32,36.33769,-121.20518,POINT (-121.20518 36.33769)
6396,2024-02-19,07:50,"Nitrate + Nitrite as N, Total",1.35,36.33769,-121.20518,POINT (-121.20518 36.33769)
9796,2025-07-22,08:30,"Nitrate + Nitrite as N, Total",0.303,36.33769,-121.20518,POINT (-121.20518 36.33769)
18582,2020-07-29,11:45,"Nitrate + Nitrite as N, Total",0.745,36.33769,-121.20518,POINT (-121.20518 36.33769)
8569,2024-12-28,08:50,"Nitrate + Nitrite as N, Total",7.96,36.33769,-121.20518,POINT (-121.20518 36.33769)
9356,2025-04-21,09:20,"Nitrate + Nitrite as N, Total",1.16,36.33769,-121.20518,POINT (-121.20518 36.33769)
9813,2025-07-22,10:00,"Nitrate + Nitrite as N, Total",,36.48634,-121.46975,POINT (-121.46975 36.48634)
18469,2020-04-27,11:15,"Nitrate + Nitrite as N, Total",1.52,36.48634,-121.46975,POINT (-121.46975 36.48634)
4821,2023-06-21,10:20,"Nitrate + Nitrite as N, Total",1.49,36.48634,-121.46975,POINT (-121.46975 36.48634)
6282,2023-10-17,12:40,"Nitrate + Nitrite as N, Total",1.05,36.48634,-121.46975,POINT (-121.46975 36.48634)
8455,2024-07-31,07:00,"Nitrate + Nitrite as N, Total",1.1,36.48634,-121.46975,POINT (-121.46975 36.48634)
18602,2020-07-29,11:00,"Nitrate + Nitrite as N, Total",0.716,36.48634,-121.46975,POINT (-121.46975 36.48634)
16736,2021-05-27,08:00,"Nitrate + Nitrite as N, Total",0.422,36.48634,-121.46975,POINT (-121.46975 36.48634)
18603,2020-08-26,11:35,"Nitrate + Nitrite as N, Total",1.12,36.48634,-121.46975,POINT (-121.46975 36.48634)
8456,2024-08-28,09:10,"Nitrate + Nitrite as N, Total",0.195,36.48634,-121.46975,POINT (-121.46975 36.48634)
12006,2021-01-28,09:30,"Nitrate + Nitrite as N, Total",0.283,36.48634,-121.46975,POINT (-121.46975 36.48634)
9372,2025-05-27,09:30,"Nitrate + Nitrite as N, Total",,36.48634,-121.46975,POINT (-121.46975 36.48634)
16976,2023-03-28,12:45,"Nitrate + Nitrite as N, Total",0.829,36.48634,-121.46975,POINT (-121.46975 36.48634)
10926,2026-01-27,09:00,"Nitrate + Nitrite as N, Total",3.85,36.48634,-121.46975,POINT (-121.46975 36.48634)
6418,2024-01-31,16:15,"Nitrate + Nitrite as N, Total",3.48,36.48634,-121.46975,POINT (-121.46975 36.48634)
10927,2026-02-16,09:00,"Nitrate + Nitrite as N, Total",4.28,36.48634,-121.46975,POINT (-121.46975 36.48634)
8584,2024-12-28,09:40,"Nitrate + Nitrite as N, Total",8.99,36.48634,-121.46975,POINT (-121.46975 36.48634)
16845,2021-07-27,11:30,"Nitrate + Nitrite as N, Total",0.163,36.48634,-121.46975,POINT (-121.46975 36.48634)
5700,2023-09-27,08:10,"Nitrate + Nitrite as N, Total",0.689,36.48634,-121.46975,POINT (-121.46975 36.48634)
16975,2023-02-23,14:40,"Nitrate + Nitrite as N, Total",1.63,36.48634,-121.46975,POINT (-121.46975 36.48634)
9814,2025-08-27,10:00,"Nitrate + Nitrite as N, Total",0.26,36.48634,-121.46975,POINT (-121.46975 36.48634)
9245,2025-02-07,09:20,"Nitrate + Nitrite as N, Total",0.754,36.48634,-121.46975,POINT (-121.46975 36.48634)
9246,2025-03-25,09:00,"Nitrate + Nitrite as N, Total",2.04,36.48634,-121.46975,POINT (-121.46975 36.48634)
18470,2020-05-26,11:35,"Nitrate + Nitrite as N, Total",1.1,36.48634,-121.46975,POINT (-121.46975 36.48634)
12007,2021-02-24,11:00,"Nitrate + Nitrite as N, Total",4.5,36.48634,-121.46975,POINT (-121.46975 36.48634)
6419,2024-03-27,12:40,"Nitrate + Nitrite as N, Total",2.72,36.48634,-121.46975,POINT (-121.46975 36.48634)
5699,2023-09-26,12:00,"Nitrate + Nitrite as N, Total",0.637,36.553757,-121.547737,POINT (-121.547737 36.553757)
18467,2020-04-27,10:15,"Nitrate + Nitrite as N, Total",1.52,36.553757,-121.547737,POINT (-121.547737 36.553757)
16844,2021-07-27,10:40,"Nitrate + Nitrite as N, Total",0.011,36.553757,-121.547737,POINT (-121.547737 36.553757)
16974,2023-03-28,15:10,"Nitrate + Nitrite as N, Total",0.119,36.553757,-121.547737,POINT (-121.547737 36.553757)
16973,2023-02-23,11:20,"Nitrate + Nitrite as N, Total",1.62,36.553757,-121.547737,POINT (-121.547737 36.553757)
9244,2025-03-25,10:20,"Nitrate + Nitrite as N, Total",2.04,36.553757,-121.547737,POINT (-121.547737 36.553757)
9812,2025-08-27,11:00,"Nitrate + Nitrite as N, Total",0.235,36.553757,-121.547737,POINT (-121.547737 36.553757)
9811,2025-07-22,11:00,"Nitrate + Nitrite as N, Total",0.01,36.553757,-121.547737,POINT (-121.547737 36.553757)
9371,2025-05-27,10:00,"Nitrate + Nitrite as N, Total",,36.553757,-121.547737,POINT (-121.547737 36.553757)
4820,2023-06-21,09:30,"Nitrate + Nitrite as N, Total",1.41,36.553757,-121.547737,POINT (-121.547737 36.553757)
6416,2024-01-31,15:50,"Nitrate + Nitrite as N, Total",3.6,36.553757,-121.547737,POINT (-121.547737 36.553757)
8454,2024-08-28,08:23,"Nitrate + Nitrite as N, Total",0.134,36.553757,-121.547737,POINT (-121.547737 36.553757)
8453,2024-07-31,07:35,"Nitrate + Nitrite as N, Total",1.1,36.553757,-121.547737,POINT (-121.547737 36.553757)
6281,2023-10-18,08:20,"Nitrate + Nitrite as N, Total",0.799,36.553757,-121.547737,POINT (-121.547737 36.553757)
12005,2021-01-29,09:10,"Nitrate + Nitrite as N, Total",0.46,36.553757,-121.547737,POINT (-121.547737 36.553757)
2023,2021-05-01,09:25,"Nitrate as N, Dissolved",0.5,36.556179508,-121.548725776,POINT (-121.548725776 36.556179508)
16311,2018-05-05,10:12,"Nitrate as N, Not Recorded",0.2,36.556179508,-121.548725776,POINT (-121.548725776 36.556179508)
16393,2019-05-04,10:25,"Nitrate as N, Not Recorded",1.7,36.556179508,-121.548725776,POINT (-121.548725776 36.556179508)
16227,2017-05-06,10:18,"Nitrate as N, Not Recorded",0.4,36.556179508,-121.548725776,POINT (-121.548725776 36.556179508)
11980,2021-01-28,10:30,"Nitrate + Nitrite as N, Total",5.78,36.56376,-121.51393,POINT (-121.51393 36.56376)
874,2022-11-29,12:20,"Nitrate + Nitrite as N, Total",28.9,36.55974,-121.50964,POINT (-121.50964 36.55974)
4792,2023-06-21,13:40,"Nitrate + Nitrite as N, Total",79.6,36.55974,-121.50964,POINT (-121.50964 36.55974)
8429,2024-07-30,12:00,"Nitrate + Nitrite as N, Total",23.3,36.55974,-121.50964,POINT (-121.50964 36.55974)
5678,2023-09-27,09:05,"Nitrate + Nitrite as N, Total",45.4,36.55974,-121.50964,POINT (-121.50964 36.55974)
4790,2023-04-25,13:05,"Nitrate + Nitrite as N, Total",42.4,36.55974,-121.50964,POINT (-121.50964 36.55974)
12117,2021-12-27,14:45,"Nitrate + Nitrite as N, Total",8.12,36.55974,-121.50964,POINT (-121.50964 36.55974)
2987,2019-12-02,09:18,"Nitrate + Nitrite as N, Total",4.75,36.55974,-121.50964,POINT (-121.50964 36.55974)
18574,2020-07-29,10:25,"Nitrate + Nitrite as N, Total",27.7,36.55974,-121.50964,POINT (-121.50964 36.55974)
770,2022-07-26,13:10,"Nitrate + Nitrite as N, Total",17.3,36.55974,-121.50964,POINT (-121.50964 36.55974)
2986,2019-10-29,11:41,"Nitrate + Nitrite as N, Total",30.1,36.55974,-121.50964,POINT (-121.50964 36.55974)
468,2022-04-26,10:30,"Nitrate + Nitrite as N, Total",27.4,36.55974,-121.50964,POINT (-121.50964 36.55974)
8431,2024-09-24,12:40,"Nitrate + Nitrite as N, Total",30.0,36.55974,-121.50964,POINT (-121.50964 36.55974)
16940,2023-03-28,14:30,"Nitrate + Nitrite as N, Total",14.2,36.55974,-121.50964,POINT (-121.50964 36.55974)
8430,2024-08-28,12:25,"Nitrate + Nitrite as N, Total",64.0,36.55974,-121.50964,POINT (-121.50964 36.55974)
18440,2020-05-26,10:45,"Nitrate + Nitrite as N, Total",16.5,36.55974,-121.50964,POINT (-121.50964 36.55974)
9791,2025-09-16,08:30,"Nitrate + Nitrite as N, Total",11.6,36.55974,-121.50964,POINT (-121.50964 36.55974)
10898,2026-03-24,10:30,"Nitrate + Nitrite as N, Total",37.0,36.55974,-121.50964,POINT (-121.50964 36.55974)
875,2022-12-11,11:55,"Nitrate + Nitrite as N, Total",10.5,36.55974,-121.50964,POINT (-121.50964 36.55974)
10896,2026-01-27,10:40,"Nitrate + Nitrite as N, Total",5.32,36.55974,-121.50964,POINT (-121.50964 36.55974)
5677,2023-07-26,14:40,"Nitrate + Nitrite as N, Total",40.6,36.55974,-121.50964,POINT (-121.50964 36.55974)
16712,2021-06-29,10:45,"Nitrate + Nitrite as N, Total",55.6,36.55974,-121.50964,POINT (-121.50964 36.55974)
771,2022-08-24,13:20,"Nitrate + Nitrite as N, Total",14.6,36.55974,-121.50964,POINT (-121.50964 36.55974)
18305,2020-03-17,14:50,"Nitrate + Nitrite as N, Total",13.4,36.55974,-121.50964,POINT (-121.50964 36.55974)
4791,2023-05-10,08:10,"Nitrate + Nitrite as N, Total",62.8,36.55974,-121.50964,POINT (-121.50964 36.55974)
16711,2021-05-26,14:25,"Nitrate + Nitrite as N, Total",22.4,36.55974,-121.50964,POINT (-121.50964 36.55974)
10763,2025-12-27,14:20,"Nitrate + Nitrite as N, Total",0.031,36.55974,-121.50964,POINT (-121.50964 36.55974)
10762,2025-11-18,11:20,"Nitrate + Nitrite as N, Total",69.8,36.55974,-121.50964,POINT (-121.50964 36.55974)
9790,2025-08-26,07:50,"Nitrate + Nitrite as N, Total",28.3,36.55974,-121.50964,POINT (-121.50964 36.55974)
469,2022-06-29,11:50,"Nitrate + Nitrite as N, Total",40.8,36.55974,-121.50964,POINT (-121.50964 36.55974)
6260,2023-10-17,14:10,"Nitrate + Nitrite as N, Total",30.9,36.55974,-121.50964,POINT (-121.50964 36.55974)
11979,2021-01-28,08:15,"Nitrate + Nitrite as N, Total",28.5,36.55974,-121.50964,POINT (-121.50964 36.55974)
6388,2024-03-27,13:40,"Nitrate + Nitrite as N, Total",30.0,36.55974,-121.50964,POINT (-121.50964 36.55974)
10897,2026-02-16,11:40,"Nitrate + Nitrite as N, Total",15.0,36.55974,-121.50964,POINT (-121.50964 36.55974)
18575,2020-08-26,11:00,"Nitrate + Nitrite as N, Total",113.0,36.55974,-121.50964,POINT (-121.50964 36.55974)
16938,2023-01-25,15:05,"Nitrate + Nitrite as N, Total",34.6,36.55974,-121.50964,POINT (-121.50964 36.55974)
16939,2023-02-23,15:55,"Nitrate + Nitrite as N, Total",24.1,36.55974,-121.50964,POINT (-121.50964 36.55974)
18441,2020-06-24,09:50,"Nitrate + Nitrite as N, Total",24.2,36.55974,-121.50964,POINT (-121.50964 36.55974)
16825,2021-08-25,13:15,"Nitrate + Nitrite as N, Total",66.4,36.56376,-121.51393,POINT (-121.51393 36.56376)
5679,2023-07-26,13:30,"Nitrate + Nitrite as N, Total",41.1,36.56376,-121.51393,POINT (-121.51393 36.56376)
16713,2021-05-26,14:10,"Nitrate + Nitrite as N, Total",23.3,36.56376,-121.51393,POINT (-121.51393 36.56376)
16391,2019-05-04,10:17,"Nitrate as N, Not Recorded",5.5,36.731748764,-121.780602733,POINT (-121.780602733 36.731748764)
2021,2021-05-01,09:00,"Nitrate as N, Dissolved",5.9,36.731748764,-121.780602733,POINT (-121.780602733 36.731748764)
16225,2017-05-06,10:18,"Nitrate as N, Not Recorded",3.4,36.731748764,-121.780602733,POINT (-121.780602733 36.731748764)
16309,2018-05-05,10:02,"Nitrate as N, Not Recorded",12.6,36.731748764,-121.780602733,POINT (-121.780602733 36.731748764)
15849,2019-12-03,09:32,"Nitrate + Nitrite as N, Dissolved",22.8,36.7321,-121.7807,POINT (-121.7807 36.7321)
17546,2016-05-02,12:51,"Nitrate + Nitrite as N, Dissolved",48.5,36.7321,-121.7807,POINT (-121.7807 36.7321)
1187,2023-02-01,12:53,"Nitrate + Nitrite as N, Dissolved",3.04,36.7321,-121.7807,POINT (-121.7807 36.7321)
5015,2024-01-09,13:09,"Nitrate + Nitrite as N, Dissolved",5.25,36.7321,-121.7807,POINT (-121.7807 36.7321)
3378,2016-03-01,10:49,"Nitrate + Nitrite as N, Dissolved",27.6,36.7321,-121.7807,POINT (-121.7807 36.7321)
1278,2022-05-10,10:02,"Nitrate + Nitrite as N, Dissolved",17.44,36.7321,-121.7807,POINT (-121.7807 36.7321)
3794,2017-09-12,08:04,"Nitrate + Nitrite as N, Dissolved",5.72,36.7321,-121.7807,POINT (-121.7807 36.7321)
3484,2016-08-09,08:09,"Nitrate + Nitrite as N, Dissolved",37.76,36.7321,-121.7807,POINT (-121.7807 36.7321)
3661,2017-04-04,10:52,"Nitrate + Nitrite as N, Dissolved",4.6,36.7321,-121.7807,POINT (-121.7807 36.7321)
3851,2017-11-14,12:25,"Nitrate + Nitrite as N, Dissolved",7.2,36.7321,-121.7807,POINT (-121.7807 36.7321)
3239,2015-09-08,11:52,"Nitrate + Nitrite as N, Dissolved",41.6,36.7321,-121.7807,POINT (-121.7807 36.7321)
1423,2022-10-04,09:54,"Nitrate + Nitrite as N, Dissolved",16.48,36.7321,-121.7807,POINT (-121.7807 36.7321)
15667,2019-06-11,10:27,"Nitrate + Nitrite as N, Dissolved",5.8,36.7321,-121.7807,POINT (-121.7807 36.7321)
17626,2016-09-13,12:14,"Nitrate + Nitrite as N, Dissolved",38.44,36.7321,-121.7807,POINT (-121.7807 36.7321)
17126,2023-04-11,07:43,"Nitrate + Nitrite as N, Dissolved",2.025,36.7321,-121.7807,POINT (-121.7807 36.7321)
10053,2026-02-10,15:04,"Nitrate + Nitrite as N, Dissolved",5.112,36.7321,-121.7807,POINT (-121.7807 36.7321)
3267,2015-10-06,09:24,"Nitrate + Nitrite as N, Dissolved",32.0,36.7321,-121.7807,POINT (-121.7807 36.7321)
8108,2025-03-11,13:02,"Nitrate + Nitrite as N, Dissolved",10.248,36.7321,-121.7807,POINT (-121.7807 36.7321)
17994,2017-12-12,13:01,"Nitrate + Nitrite as N, Dissolved",12.16,36.7321,-121.7807,POINT (-121.7807 36.7321)
3636,2017-03-07,12:19,"Nitrate + Nitrite as N, Dissolved",1.548,36.7321,-121.7807,POINT (-121.7807 36.7321)
14814,2018-07-10,12:29,"Nitrate + Nitrite as N, Dissolved",9.32,36.7321,-121.7807,POINT (-121.7807 36.7321)
13396,2021-05-04,09:34,"Nitrate + Nitrite as N, Dissolved",6.08,36.7321,-121.7807,POINT (-121.7807 36.7321)
5186,2023-12-05,09:33,"Nitrate + Nitrite as N, Dissolved",1.77,36.7321,-121.7807,POINT (-121.7807 36.7321)
6600,2024-08-13,07:59,"Nitrate + Nitrite as N, Dissolved",1.93,36.7321,-121.7807,POINT (-121.7807 36.7321)
8077,2025-02-11,15:06,"Nitrate + Nitrite as N, Dissolved",11.055,36.7321,-121.7807,POINT (-121.7807 36.7321)
9499,2025-09-02,15:34,"Nitrate + Nitrite as N, Dissolved",2.372,36.7321,-121.7807,POINT (-121.7807 36.7321)
6571,2024-07-02,10:39,"Nitrate + Nitrite as N, Dissolved",2.5,36.7321,-121.7807,POINT (-121.7807 36.7321)
14766,2018-05-08,10:45,"Nitrate + Nitrite as N, Dissolved",17.04,36.7321,-121.7807,POINT (-121.7807 36.7321)
3406,2016-04-05,14:25,"Nitrate + Nitrite as N, Dissolved",33.75,36.7321,-121.7807,POINT (-121.7807 36.7321)
10105,2025-12-02,17:34,"Nitrate + Nitrite as N, Dissolved",14.832,36.7321,-121.7807,POINT (-121.7807 36.7321)
5156,2023-11-07,11:05,"Nitrate + Nitrite as N, Dissolved",1.26,36.7321,-121.7807,POINT (-121.7807 36.7321)
17966,2017-11-14,12:25,"Nitrate + Nitrite as N, Dissolved",7.2,36.7321,-121.7807,POINT (-121.7807 36.7321)
3322,2015-12-08,07:46,"Nitrate + Nitrite as N, Dissolved",12.85,36.7321,-121.7807,POINT (-121.7807 36.7321)
3741,2017-07-05,11:47,"Nitrate + Nitrite as N, Dissolved",5.96,36.7321,-121.7807,POINT (-121.7807 36.7321)
14786,2018-06-05,09:12,"Nitrate + Nitrite as N, Dissolved",4.11,36.7321,-121.7807,POINT (-121.7807 36.7321)
3879,2017-12-12,13:01,"Nitrate + Nitrite as N, Dissolved",12.16,36.7321,-121.7807,POINT (-121.7807 36.7321)
6542,2024-06-04,11:43,"Nitrate + Nitrite as N, Dissolved",4.38,36.7321,-121.7807,POINT (-121.7807 36.7321)
17909,2017-09-12,08:04,"Nitrate + Nitrite as N, Dissolved",5.72,36.7321,-121.7807,POINT (-121.7807 36.7321)
3716,2017-06-06,12:11,"Nitrate + Nitrite as N, Dissolved",8.16,36.7321,-121.7807,POINT (-121.7807 36.7321)
14715,2018-02-06,09:48,"Nitrate + Nitrite as N, Dissolved",11.86,36.7321,-121.7807,POINT (-121.7807 36.7321)
5128,2023-10-10,11:47,"Nitrate + Nitrite as N, Dissolved",1.26,36.7321,-121.7807,POINT (-121.7807 36.7321)
8139,2024-11-12,11:55,"Nitrate + Nitrite as N, Dissolved",2.496,36.7321,-121.7807,POINT (-121.7807 36.7321)
17937,2017-10-03,13:46,"Nitrate + Nitrite as N, Dissolved",2.48,36.7321,-121.7807,POINT (-121.7807 36.7321)
14739,2018-04-10,12:11,"Nitrate + Nitrite as N, Dissolved",11.64,36.7321,-121.7807,POINT (-121.7807 36.7321)
13278,2022-02-08,09:36,"Nitrate + Nitrite as N, Dissolved",8.72,36.7321,-121.7807,POINT (-121.7807 36.7321)
8781,2025-05-06,11:15,"Nitrate + Nitrite as N, Dissolved",3.464,36.7321,-121.7807,POINT (-121.7807 36.7321)
17409,2015-11-03,07:14,"Nitrate + Nitrite as N, Dissolved",9.65,36.7321,-121.7807,POINT (-121.7807 36.7321)
1249,2022-04-12,12:15,"Nitrate + Nitrite as N, Dissolved",9.59,36.7321,-121.7807,POINT (-121.7807 36.7321)
15996,2020-08-11,08:38,"Nitrate + Nitrite as N, Dissolved",5.14,36.7321,-121.7807,POINT (-121.7807 36.7321)
15877,2020-09-01,13:32,"Nitrate + Nitrite as N, Dissolved",4.47,36.7321,-121.7807,POINT (-121.7807 36.7321)
17651,2016-10-11,11:38,"Nitrate + Nitrite as N, Dissolved",26.44,36.7321,-121.7807,POINT (-121.7807 36.7321)
13570,2021-11-02,12:27,"Nitrate + Nitrite as N, Dissolved",11.1,36.7321,-121.7807,POINT (-121.7807 36.7321)
18833,2020-01-07,13:19,"Nitrate + Nitrite as N, Dissolved",28.2,36.7321,-121.7807,POINT (-121.7807 36.7321)
5823,2024-02-06,12:53,"Nitrate + Nitrite as N, Dissolved",1.93,36.7321,-121.7807,POINT (-121.7807 36.7321)
17574,2016-06-14,11:13,"Nitrate + Nitrite as N, Dissolved",35.56,36.7321,-121.7807,POINT (-121.7807 36.7321)
13600,2021-12-14,12:07,"Nitrate + Nitrite as N, Dissolved",13.4,36.7321,-121.7807,POINT (-121.7807 36.7321)
15457,2018-11-05,16:12,"Nitrate + Nitrite as N, Dissolved",7.62,36.7321,-121.7807,POINT (-121.7807 36.7321)
17856,2017-07-05,11:47,"Nitrate + Nitrite as N, Dissolved",5.96,36.7321,-121.7807,POINT (-121.7807 36.7321)
13425,2021-06-08,13:04,"Nitrate + Nitrite as N, Dissolved",6.2,36.7321,-121.7807,POINT (-121.7807 36.7321)
10080,2025-11-04,17:34,"Nitrate + Nitrite as N, Dissolved",2.532,36.7321,-121.7807,POINT (-121.7807 36.7321)
5101,2023-09-12,12:26,"Nitrate + Nitrite as N, Dissolved",0.852,36.7321,-121.7807,POINT (-121.7807 36.7321)
14694,2018-01-09,11:06,"Nitrate + Nitrite as N, Dissolved",16.6,36.7321,-121.7807,POINT (-121.7807 36.7321)
1217,2023-03-01,11:28,"Nitrate + Nitrite as N, Dissolved",2.0,36.7321,-121.7807,POINT (-121.7807 36.7321)
15429,2020-03-03,10:32,"Nitrate + Nitrite as N, Dissolved",,36.7321,-121.7807,POINT (-121.7807 36.7321)
17882,2017-08-01,10:00,"Nitrate + Nitrite as N, Dissolved",4.3,36.7321,-121.7807,POINT (-121.7807 36.7321)
3608,2017-02-08,13:06,"Nitrate + Nitrite as N, Dissolved",0.971,36.7321,-121.7807,POINT (-121.7807 36.7321)
1338,2022-07-12,12:52,"Nitrate + Nitrite as N, Dissolved",2.95,36.7321,-121.7807,POINT (-121.7807 36.7321)
17804,2017-05-02,08:50,"Nitrate + Nitrite as N, Dissolved",4.22,36.7321,-121.7807,POINT (-121.7807 36.7321)
5881,2024-04-02,09:30,"Nitrate + Nitrite as N, Dissolved",3.2,36.7321,-121.7807,POINT (-121.7807 36.7321)
3187,2015-07-07,15:00,"Nitrate + Nitrite as N, Dissolved",25.8,36.7321,-121.7807,POINT (-121.7807 36.7321)
1368,2022-08-09,11:21,"Nitrate + Nitrite as N, Dissolved",11.8,36.7321,-121.7807,POINT (-121.7807 36.7321)
6513,2024-05-07,12:47,"Nitrate + Nitrite as N, Dissolved",3.435,36.7321,-121.7807,POINT (-121.7807 36.7321)
15487,2018-12-03,13:41,"Nitrate + Nitrite as N, Dissolved",16.05,36.7321,-121.7807,POINT (-121.7807 36.7321)
8812,2025-06-03,09:56,"Nitrate + Nitrite as N, Dissolved",1.206,36.7321,-121.7807,POINT (-121.7807 36.7321)
17831,2017-06-06,12:11,"Nitrate + Nitrite as N, Dissolved",8.16,36.7321,-121.7807,POINT (-121.7807 36.7321)
5072,2023-08-08,08:29,"Nitrate + Nitrite as N, Dissolved",1.35,36.7321,-121.7807,POINT (-121.7807 36.7321)
3767,2017-08-01,10:00,"Nitrate + Nitrite as N, Dissolved",4.3,36.7321,-121.7807,POINT (-121.7807 36.7321)
13337,2022-03-01,14:09,"Nitrate + Nitrite as N, Dissolved",9.82,36.7321,-121.7807,POINT (-121.7807 36.7321)
8750,2025-04-08,12:33,"Nitrate + Nitrite as N, Dissolved",4.24,36.7321,-121.7807,POINT (-121.7807 36.7321)
14834,2018-08-07,10:39,"Nitrate + Nitrite as N, Dissolved",3.9,36.7321,-121.7807,POINT (-121.7807 36.7321)
1393,2022-09-06,10:30,"Nitrate + Nitrite as N, Dissolved",16.48,36.7321,-121.7807,POINT (-121.7807 36.7321)
14855,2018-09-04,09:52,"Nitrate + Nitrite as N, Dissolved",2.64,36.7321,-121.7807,POINT (-121.7807 36.7321)
8047,2025-01-07,10:40,"Nitrate + Nitrite as N, Dissolved",10.6,36.7321,-121.7807,POINT (-121.7807 36.7321)
3431,2016-05-02,12:51,"Nitrate + Nitrite as N, Dissolved",48.5,36.7321,-121.7807,POINT (-121.7807 36.7321)
9471,2025-08-05,14:27,"Nitrate + Nitrite as N, Dissolved",5.824,36.7321,-121.7807,POINT (-121.7807 36.7321)
14875,2018-10-02,09:13,"Nitrate + Nitrite as N, Dissolved",5.44,36.7321,-121.7807,POINT (-121.7807 36.7321)
10894,2026-02-18,10:45,"Nitrate + Nitrite as N, Total",62.8,36.70852,-121.7489,POINT (-121.7489 36.70852)
11859,2020-11-24,11:00,"Nitrate + Nitrite as N, Total",62.4,36.70852,-121.7489,POINT (-121.7489 36.70852)
16937,2023-03-30,10:00,"Nitrate + Nitrite as N, Total",80.2,36.70852,-121.7489,POINT (-121.7489 36.70852)
16936,2023-02-25,09:00,"Nitrate + Nitrite as N, Total",86.8,36.70852,-121.7489,POINT (-121.7489 36.70852)
16935,2023-01-26,10:45,"Nitrate + Nitrite as N, Total",86.4,36.70852,-121.7489,POINT (-121.7489 36.70852)
873,2022-12-13,10:00,"Nitrate + Nitrite as N, Total",102.0,36.70852,-121.7489,POINT (-121.7489 36.70852)
2984,2019-11-19,10:48,"Nitrate + Nitrite as N, Total",50.9,36.70852,-121.7489,POINT (-121.7489 36.70852)
12114,2021-10-28,10:30,"Nitrate + Nitrite as N, Total",63.2,36.70852,-121.7489,POINT (-121.7489 36.70852)
12115,2021-11-29,10:30,"Nitrate + Nitrite as N, Total",56.5,36.70852,-121.7489,POINT (-121.7489 36.70852)
12116,2021-12-29,11:30,"Nitrate + Nitrite as N, Total",71.6,36.70852,-121.7489,POINT (-121.7489 36.70852)
2985,2019-12-03,10:00,"Nitrate + Nitrite as N, Total",77.5,36.70852,-121.7489,POINT (-121.7489 36.70852)
10760,2025-11-19,14:30,"Nitrate + Nitrite as N, Total",71.5,36.70852,-121.7489,POINT (-121.7489 36.70852)
871,2022-10-26,13:40,"Nitrate + Nitrite as N, Total",52.7,36.70852,-121.7489,POINT (-121.7489 36.70852)
11858,2020-10-30,11:40,"Nitrate + Nitrite as N, Total",80.0,36.70852,-121.7489,POINT (-121.7489 36.70852)
2983,2019-10-30,10:30,"Nitrate + Nitrite as N, Total",48.7,36.70852,-121.7489,POINT (-121.7489 36.70852)
18302,2020-01-29,11:25,"Nitrate + Nitrite as N, Total",61.2,36.70852,-121.7489,POINT (-121.7489 36.70852)
10759,2025-10-22,08:20,"Nitrate + Nitrite as N, Total",47.5,36.70852,-121.7489,POINT (-121.7489 36.70852)
467,2022-06-30,12:15,"Nitrate + Nitrite as N, Total",61.0,36.70852,-121.7489,POINT (-121.7489 36.70852)
465,2022-04-28,07:45,"Nitrate + Nitrite as N, Total",75.2,36.70852,-121.7489,POINT (-121.7489 36.70852)
8427,2024-08-29,11:00,"Nitrate + Nitrite as N, Total",58.2,36.70852,-121.7489,POINT (-121.7489 36.70852)
8428,2024-09-24,14:15,"Nitrate + Nitrite as N, Total",63.1,36.70852,-121.7489,POINT (-121.7489 36.70852)
5676,2023-09-27,13:35,"Nitrate + Nitrite as N, Total",65.8,36.70852,-121.7489,POINT (-121.7489 36.70852)
18438,2020-05-27,10:45,"Nitrate + Nitrite as N, Total",66.6,36.70852,-121.7489,POINT (-121.7489 36.70852)
769,2022-09-21,12:05,"Nitrate + Nitrite as N, Total",72.0,36.70852,-121.7489,POINT (-121.7489 36.70852)
768,2022-08-25,11:00,"Nitrate + Nitrite as N, Total",67.2,36.70852,-121.7489,POINT (-121.7489 36.70852)
9352,2025-06-17,09:55,"Nitrate + Nitrite as N, Total",64.7,36.70852,-121.7489,POINT (-121.7489 36.70852)
872,2022-11-30,12:25,"Nitrate + Nitrite as N, Total",86.8,36.70852,-121.7489,POINT (-121.7489 36.70852)
767,2022-07-27,11:40,"Nitrate + Nitrite as N, Total",73.1,36.70852,-121.7489,POINT (-121.7489 36.70852)
9351,2025-05-27,14:35,"Nitrate + Nitrite as N, Total",67.0,36.70852,-121.7489,POINT (-121.7489 36.70852)
9350,2025-04-23,08:45,"Nitrate + Nitrite as N, Total",69.7,36.70852,-121.7489,POINT (-121.7489 36.70852)
11978,2021-03-24,13:15,"Nitrate + Nitrite as N, Total",70.8,36.70852,-121.7489,POINT (-121.7489 36.70852)
10893,2026-01-29,12:00,"Nitrate + Nitrite as N, Total",66.9,36.70852,-121.7489,POINT (-121.7489 36.70852)
6258,2023-11-29,10:20,"Nitrate + Nitrite as N, Total",53.5,36.70852,-121.7489,POINT (-121.7489 36.70852)
8426,2024-07-31,10:00,"Nitrate + Nitrite as N, Total",41.9,36.70852,-121.7489,POINT (-121.7489 36.70852)
16709,2021-05-27,11:50,"Nitrate + Nitrite as N, Total",60.5,36.70852,-121.7489,POINT (-121.7489 36.70852)
10761,2025-12-27,10:20,"Nitrate + Nitrite as N, Total",3.34,36.70852,-121.7489,POINT (-121.7489 36.70852)
11860,2020-12-30,08:25,"Nitrate + Nitrite as N, Total",50.9,36.70852,-121.7489,POINT (-121.7489 36.70852)
16710,2021-06-30,11:10,"Nitrate + Nitrite as N, Total",70.5,36.70852,-121.7489,POINT (-121.7489 36.70852)
5675,2023-08-30,14:00,"Nitrate + Nitrite as N, Total",13.3,36.70852,-121.7489,POINT (-121.7489 36.70852)
4787,2023-04-26,11:20,"Nitrate + Nitrite as N, Total",66.7,36.70852,-121.7489,POINT (-121.7489 36.70852)
11976,2021-01-28,14:30,"Nitrate + Nitrite as N, Total",68.1,36.70852,-121.7489,POINT (-121.7489 36.70852)
6386,2024-02-20,10:30,"Nitrate + Nitrite as N, Total",68.4,36.70852,-121.7489,POINT (-121.7489 36.70852)
11977,2021-02-26,09:30,"Nitrate + Nitrite as N, Total",66.8,36.70852,-121.7489,POINT (-121.7489 36.70852)
4788,2023-05-10,12:50,"Nitrate + Nitrite as N, Total",65.4,36.70852,-121.7489,POINT (-121.7489 36.70852)
6385,2024-01-31,11:30,"Nitrate + Nitrite as N, Total",64.9,36.70852,-121.7489,POINT (-121.7489 36.70852)
10895,2026-03-25,09:40,"Nitrate + Nitrite as N, Total",71.0,36.70852,-121.7489,POINT (-121.7489 36.70852)
4789,2023-06-22,11:30,"Nitrate + Nitrite as N, Total",55.3,36.70852,-121.7489,POINT (-121.7489 36.70852)
18303,2020-02-26,10:10,"Nitrate + Nitrite as N, Total",63.4,36.70852,-121.7489,POINT (-121.7489 36.70852)
466,2022-05-26,09:50,"Nitrate + Nitrite as N, Total",66.0,36.70852,-121.7489,POINT (-121.7489 36.70852)
8560,2024-10-23,07:40,"Nitrate + Nitrite as N, Total",54.3,36.70852,-121.7489,POINT (-121.7489 36.70852)
8561,2024-11-20,13:55,"Nitrate + Nitrite as N, Total",63.2,36.70852,-121.7489,POINT (-121.7489 36.70852)
8562,2024-12-29,10:20,"Nitrate + Nitrite as N, Total",69.3,36.70852,-121.7489,POINT (-121.7489 36.70852)
18573,2020-09-29,12:45,"Nitrate + Nitrite as N, Total",68.0,36.70852,-121.7489,POINT (-121.7489 36.70852)
18572,2020-08-27,10:15,"Nitrate + Nitrite as N, Total",67.0,36.70852,-121.7489,POINT (-121.7489 36.70852)
18439,2020-06-25,10:50,"Nitrate + Nitrite as N, Total",60.3,36.70852,-121.7489,POINT (-121.7489 36.70852)
9787,2025-07-22,10:40,"Nitrate + Nitrite as N, Total",65.4,36.70852,-121.7489,POINT (-121.7489 36.70852)
9788,2025-08-26,12:45,"Nitrate + Nitrite as N, Total",68.5,36.70852,-121.7489,POINT (-121.7489 36.70852)
9789,2025-09-17,15:10,"Nitrate + Nitrite as N, Total",61.1,36.70852,-121.7489,POINT (-121.7489 36.70852)
18437,2020-04-28,10:40,"Nitrate + Nitrite as N, Total",70.1,36.70852,-121.7489,POINT (-121.7489 36.70852)
6257,2023-10-18,12:10,"Nitrate + Nitrite as N, Total",58.6,36.70852,-121.7489,POINT (-121.7489 36.70852)
9218,2025-01-29,12:20,"Nitrate + Nitrite as N, Total",64.4,36.70852,-121.7489,POINT (-121.7489 36.70852)
9219,2025-02-05,13:35,"Nitrate + Nitrite as N, Total",60.1,36.70852,-121.7489,POINT (-121.7489 36.70852)
16822,2021-07-28,11:50,"Nitrate + Nitrite as N, Total",66.2,36.70852,-121.7489,POINT (-121.7489 36.70852)
16823,2021-08-26,12:25,"Nitrate + Nitrite as N, Total",69.9,36.70852,-121.7489,POINT (-121.7489 36.70852)
16824,2021-09-30,08:40,"Nitrate + Nitrite as N, Total",61.8,36.70852,-121.7489,POINT (-121.7489 36.70852)
16708,2021-04-29,08:00,"Nitrate + Nitrite as N, Total",75.4,36.70852,-121.7489,POINT (-121.7489 36.70852)
9220,2025-03-19,13:15,"Nitrate + Nitrite as N, Total",76.6,36.70852,-121.7489,POINT (-121.7489 36.70852)
5674,2023-07-27,08:05,"Nitrate + Nitrite as N, Total",72.4,36.70852,-121.7489,POINT (-121.7489 36.70852)
6259,2023-12-27,11:10,"Nitrate + Nitrite as N, Total",56.5,36.70852,-121.7489,POINT (-121.7489 36.70852)
18304,2020-03-18,13:45,"Nitrate + Nitrite as N, Total",78.5,36.70852,-121.7489,POINT (-121.7489 36.70852)
6387,2024-03-28,11:20,"Nitrate + Nitrite as N, Total",61.4,36.70852,-121.7489,POINT (-121.7489 36.70852)
18571,2020-07-30,10:35,"Nitrate + Nitrite as N, Total",72.4,36.70852,-121.7489,POINT (-121.7489 36.70852)
15936,2020-11-10,10:24,"Nitrate + Nitrite as N, Dissolved",4.6,36.7321,-121.7807,POINT (-121.7807 36.7321)
3511,2016-09-13,12:14,"Nitrate + Nitrite as N, Dissolved",38.44,36.7321,-121.7807,POINT (-121.7807 36.7321)
17521,2016-04-05,14:25,"Nitrate + Nitrite as N, Dissolved",33.75,36.7321,-121.7807,POINT (-121.7807 36.7321)
17599,2016-08-09,08:09,"Nitrate + Nitrite as N, Dissolved",37.76,36.7321,-121.7807,POINT (-121.7807 36.7321)
17723,2017-02-08,13:06,"Nitrate + Nitrite as N, Dissolved",0.971,36.7321,-121.7807,POINT (-121.7807 36.7321)
3560,2016-11-08,10:10,"Nitrate + Nitrite as N, Dissolved",0.0652,36.7321,-121.7807,POINT (-121.7807 36.7321)
17155,2023-05-02,11:44,"Nitrate + Nitrite as N, Dissolved",5.45,36.7321,-121.7807,POINT (-121.7807 36.7321)
17675,2016-11-08,10:10,"Nitrate + Nitrite as N, Dissolved",0.0652,36.7321,-121.7807,POINT (-121.7807 36.7321)
15609,2019-04-01,12:38,"Nitrate + Nitrite as N, Dissolved",2.16,36.7321,-121.7807,POINT (-121.7807 36.7321)
17751,2017-03-07,12:19,"Nitrate + Nitrite as N, Dissolved",1.548,36.7321,-121.7807,POINT (-121.7807 36.7321)
15697,2019-07-09,09:28,"Nitrate + Nitrite as N, Dissolved",5.52,36.7321,-121.7807,POINT (-121.7807 36.7321)
15819,2019-11-05,10:29,"Nitrate + Nitrite as N, Dissolved",10.9,36.7321,-121.7807,POINT (-121.7807 36.7321)
3350,2016-02-02,12:06,"Nitrate + Nitrite as N, Dissolved",47.95,36.7321,-121.7807,POINT (-121.7807 36.7321)
17382,2015-10-06,09:24,"Nitrate + Nitrite as N, Dissolved",32.0,36.7321,-121.7807,POINT (-121.7807 36.7321)
8172,2024-12-02,11:50,"Nitrate + Nitrite as N, Dissolved",10.48,36.7321,-121.7807,POINT (-121.7807 36.7321)
17185,2023-06-13,10:25,"Nitrate + Nitrite as N, Dissolved",5.712,36.7321,-121.7807,POINT (-121.7807 36.7321)
15966,2020-12-08,09:24,"Nitrate + Nitrite as N, Dissolved",9.38,36.7321,-121.7807,POINT (-121.7807 36.7321)
17493,2016-03-01,10:49,"Nitrate + Nitrite as N, Dissolved",27.6,36.7321,-121.7807,POINT (-121.7807 36.7321)
13251,2021-02-09,13:24,"Nitrate + Nitrite as N, Dissolved",11.52,36.7321,-121.7807,POINT (-121.7807 36.7321)
13220,2022-01-11,11:40,"Nitrate + Nitrite as N, Dissolved",10.98,36.7321,-121.7807,POINT (-121.7807 36.7321)
17273,2015-06-10,07:10,"Nitrate + Nitrite as N, Dissolved",31.0,36.7321,-121.7807,POINT (-121.7807 36.7321)
3689,2017-05-02,08:50,"Nitrate + Nitrite as N, Dissolved",4.22,36.7321,-121.7807,POINT (-121.7807 36.7321)
17465,2016-02-02,12:06,"Nitrate + Nitrite as N, Dissolved",47.95,36.7321,-121.7807,POINT (-121.7807 36.7321)
15907,2020-10-13,11:31,"Nitrate + Nitrite as N, Dissolved",3.78,36.7321,-121.7807,POINT (-121.7807 36.7321)
13190,2021-01-12,14:14,"Nitrate + Nitrite as N, Dissolved",11.52,36.7321,-121.7807,POINT (-121.7807 36.7321)
13541,2021-10-05,13:19,"Nitrate + Nitrite as N, Dissolved",9.1,36.7321,-121.7807,POINT (-121.7807 36.7321)
13511,2021-09-14,07:57,"Nitrate + Nitrite as N, Dissolved",4.755,36.7321,-121.7807,POINT (-121.7807 36.7321)
7285,2024-09-12,09:36,"Nitrate + Nitrite as N, Dissolved",1.56,36.7321,-121.7807,POINT (-121.7807 36.7321)
3536,2016-10-11,11:38,"Nitrate + Nitrite as N, Dissolved",26.44,36.7321,-121.7807,POINT (-121.7807 36.7321)
5852,2024-03-05,10:46,"Nitrate + Nitrite as N, Dissolved",0.78,36.7321,-121.7807,POINT (-121.7807 36.7321)
7313,2024-10-01,13:09,"Nitrate + Nitrite as N, Dissolved",1.12,36.7321,-121.7807,POINT (-121.7807 36.7321)
17696,2016-12-06,09:24,"Nitrate + Nitrite as N, Dissolved",12.68,36.7321,-121.7807,POINT (-121.7807 36.7321)
15727,2019-08-06,08:27,"Nitrate + Nitrite as N, Dissolved",41.4,36.7321,-121.7807,POINT (-121.7807 36.7321)
1157,2023-01-03,12:58,"Nitrate + Nitrite as N, Dissolved",17.6,36.7321,-121.7807,POINT (-121.7807 36.7321)
1483,2022-12-06,14:12,"Nitrate + Nitrite as N, Dissolved",17.12,36.7321,-121.7807,POINT (-121.7807 36.7321)
15637,2019-05-13,11:49,"Nitrate + Nitrite as N, Dissolved",5.16,36.7321,-121.7807,POINT (-121.7807 36.7321)
17437,2015-12-08,07:46,"Nitrate + Nitrite as N, Dissolved",12.85,36.7321,-121.7807,POINT (-121.7807 36.7321)
17354,2015-09-08,11:52,"Nitrate + Nitrite as N, Dissolved",41.6,36.7321,-121.7807,POINT (-121.7807 36.7321)
17302,2015-07-07,15:00,"Nitrate + Nitrite as N, Dissolved",25.8,36.7321,-121.7807,POINT (-121.7807 36.7321)
3158,2015-06-10,07:10,"Nitrate + Nitrite as N, Dissolved",31.0,36.7321,-121.7807,POINT (-121.7807 36.7321)
18803,2020-02-04,12:32,"Nitrate + Nitrite as N, Dissolved",25.88,36.7321,-121.7807,POINT (-121.7807 36.7321)
1453,2022-11-01,08:46,"Nitrate + Nitrite as N, Dissolved",16.2,36.7321,-121.7807,POINT (-121.7807 36.7321)
11130,2026-03-03,16:04,"Nitrate + Nitrite as N, Dissolved",2.21,36.7321,-121.7807,POINT (-121.7807 36.7321)
3459,2016-06-14,11:13,"Nitrate + Nitrite as N, Dissolved",35.56,36.7321,-121.7807,POINT (-121.7807 36.7321)
13367,2021-04-06,11:10,"Nitrate + Nitrite as N, Dissolved",18.74,36.7321,-121.7807,POINT (-121.7807 36.7321)
15759,2019-09-10,12:46,"Nitrate + Nitrite as N, Dissolved",4.795,36.7321,-121.7807,POINT (-121.7807 36.7321)
17328,2015-08-11,10:56,"Nitrate + Nitrite as N, Dissolved",25.12,36.7321,-121.7807,POINT (-121.7807 36.7321)
15577,2019-03-04,14:47,"Nitrate + Nitrite as N, Dissolved",0.713,36.7321,-121.7807,POINT (-121.7807 36.7321)
3822,2017-10-03,13:46,"Nitrate + Nitrite as N, Dissolved",2.48,36.7321,-121.7807,POINT (-121.7807 36.7321)
3213,2015-08-11,10:56,"Nitrate + Nitrite as N, Dissolved",25.12,36.7321,-121.7807,POINT (-121.7807 36.7321)
17776,2017-04-04,10:52,"Nitrate + Nitrite as N, Dissolved",4.6,36.7321,-121.7807,POINT (-121.7807 36.7321)
3294,2015-11-03,07:14,"Nitrate + Nitrite as N, Dissolved",9.65,36.7321,-121.7807,POINT (-121.7807 36.7321)
3581,2016-12-06,09:24,"Nitrate + Nitrite as N, Dissolved",12.68,36.7321,-121.7807,POINT (-121.7807 36.7321)
15547,2019-02-11,09:10,"Nitrate + Nitrite as N, Dissolved",3.03,36.7321,-121.7807,POINT (-121.7807 36.7321)
13453,2021-07-07,11:56,"Nitrate + Nitrite as N, Dissolved",4.48,36.7321,-121.7807,POINT (-121.7807 36.7321)
1306,2022-06-07,08:22,"Nitrate + Nitrite as N, Dissolved",13.88,36.7321,-121.7807,POINT (-121.7807 36.7321)
8843,2025-07-01,08:59,"Nitrate + Nitrite as N, Dissolved",2.673,36.7321,-121.7807,POINT (-121.7807 36.7321)
15517,2019-01-14,10:34,"Nitrate + Nitrite as N, Dissolved",13.23,36.7321,-121.7807,POINT (-121.7807 36.7321)
13309,2021-03-16,14:18,"Nitrate + Nitrite as N, Dissolved",4.47,36.7321,-121.7807,POINT (-121.7807 36.7321)
5043,2023-07-11,09:38,"Nitrate + Nitrite as N, Dissolved",6.87,36.7321,-121.7807,POINT (-121.7807 36.7321)
15789,2019-10-08,12:21,"Nitrate + Nitrite as N, Dissolved",11.14,36.7321,-121.7807,POINT (-121.7807 36.7321)
10026,2026-01-14,14:36,"Nitrate + Nitrite as N, Dissolved",2.88,36.7321,-121.7807,POINT (-121.7807 36.7321)
9526,2025-10-14,11:31,"Nitrate + Nitrite as N, Dissolved",2.83,36.7321,-121.7807,POINT (-121.7807 36.7321)
13482,2021-08-03,10:22,"Nitrate + Nitrite as N, Dissolved",0.1456,36.7321,-121.7807,POINT (-121.7807 36.7321)
4793,2023-04-25,12:50,"Nitrate + Nitrite as N, Total",80.7,36.56376,-121.51393,POINT (-121.51393 36.56376)
6390,2024-03-27,14:05,"Nitrate + Nitrite as N, Total",27.1,36.56376,-121.51393,POINT (-121.51393 36.56376)
16941,2023-01-25,14:45,"Nitrate + Nitrite as N, Total",5.83,36.56376,-121.51393,POINT (-121.51393 36.56376)
2988,2019-12-02,08:42,"Nitrate as N, Total",6.44,36.56376,-121.51393,POINT (-121.51393 36.56376)
8433,2024-08-28,12:02,"Nitrate + Nitrite as N, Total",70.7,36.56376,-121.51393,POINT (-121.51393 36.56376)
8432,2024-07-30,11:45,"Nitrate + Nitrite as N, Total",23.5,36.56376,-121.51393,POINT (-121.51393 36.56376)
16943,2023-03-28,14:10,"Nitrate + Nitrite as N, Total",10.6,36.56376,-121.51393,POINT (-121.51393 36.56376)
10899,2026-02-16,10:45,"Nitrate + Nitrite as N, Total",9.66,36.56376,-121.51393,POINT (-121.51393 36.56376)
16942,2023-02-23,15:30,"Nitrate + Nitrite as N, Total",24.3,36.56376,-121.51393,POINT (-121.51393 36.56376)
876,2022-12-11,11:20,"Nitrate + Nitrite as N, Total",10.7,36.56376,-121.51393,POINT (-121.51393 36.56376)
4794,2023-06-21,14:00,"Nitrate + Nitrite as N, Total",77.6,36.56376,-121.51393,POINT (-121.51393 36.56376)
12118,2021-12-27,14:20,"Nitrate + Nitrite as N, Total",,36.56376,-121.51393,POINT (-121.51393 36.56376)
9792,2025-08-26,08:35,"Nitrate + Nitrite as N, Total",30.2,36.56376,-121.51393,POINT (-121.51393 36.56376)
6389,2024-02-19,09:25,"Nitrate + Nitrite as N, Total",6.07,36.56376,-121.51393,POINT (-121.51393 36.56376)
18577,2020-08-26,13:10,"Nitrate + Nitrite as N, Total",42.7,36.56376,-121.51393,POINT (-121.51393 36.56376)
773,2022-08-24,12:55,"Nitrate + Nitrite as N, Total",34.4,36.56376,-121.51393,POINT (-121.51393 36.56376)
471,2022-06-29,11:40,"Nitrate + Nitrite as N, Total",41.4,36.56376,-121.51393,POINT (-121.51393 36.56376)
10900,2026-03-24,09:15,"Nitrate + Nitrite as N, Total",64.0,36.56376,-121.51393,POINT (-121.51393 36.56376)
470,2022-04-26,09:59,"Nitrate + Nitrite as N, Total",10.3,36.56376,-121.51393,POINT (-121.51393 36.56376)
18306,2020-03-17,14:30,"Nitrate + Nitrite as N, Total",12.1,36.56376,-121.51393,POINT (-121.51393 36.56376)
772,2022-07-26,12:30,"Nitrate + Nitrite as N, Total",16.7,36.56376,-121.51393,POINT (-121.51393 36.56376)
6413,2024-02-19,10:15,"Nitrate + Nitrite as N, Total",2.44,36.60956,-121.56137,POINT (-121.56137 36.60956)
16843,2021-08-25,13:40,"Nitrate + Nitrite as N, Total",21.6,36.60956,-121.56137,POINT (-121.56137 36.60956)
18464,2020-05-26,13:50,"Nitrate + Nitrite as N, Total",15.5,36.60956,-121.56137,POINT (-121.56137 36.60956)
12003,2021-03-23,12:05,"Nitrate + Nitrite as N, Total",11.1,36.60956,-121.56137,POINT (-121.56137 36.60956)
18598,2020-07-29,13:05,"Nitrate + Nitrite as N, Total",37.2,36.60956,-121.56137,POINT (-121.56137 36.60956)
18465,2020-06-24,12:05,"Nitrate + Nitrite as N, Total",33.1,36.60956,-121.56137,POINT (-121.56137 36.60956)
16969,2023-03-28,15:50,"Nitrate + Nitrite as N, Total",7.1,36.60956,-121.56137,POINT (-121.56137 36.60956)
16733,2021-04-27,10:00,"Nitrate + Nitrite as N, Total",23.0,36.60956,-121.56137,POINT (-121.56137 36.60956)
16968,2023-02-24,12:45,"Nitrate + Nitrite as N, Total",20.6,36.60956,-121.56137,POINT (-121.56137 36.60956)
4676,2022-09-27,12:21,"Nitrate as N, Total",0.1,36.6223550569837,-121.666067528614,POINT (-121.666067528614 36.6223550569837)
4683,2023-04-25,13:17,"Nitrate as N, Total",4.3,36.6223550569837,-121.666067528614,POINT (-121.666067528614 36.6223550569837)
10532,2026-06-29,14:16,"Nitrate as N, Total",2.5,36.6223550569837,-121.666067528614,POINT (-121.666067528614 36.6223550569837)
10531,2026-05-27,11:43,"Nitrate as N, Total",3.2,36.6223550569837,-121.666067528614,POINT (-121.666067528614 36.6223550569837)
4675,2022-07-26,12:55,"Nitrate as N, Total",0.1,36.6223550569837,-121.666067528614,POINT (-121.666067528614 36.6223550569837)
14506,2021-12-13,13:11,"Nitrate as N, Total",0.3,36.6223550569837,-121.666067528614,POINT (-121.666067528614 36.6223550569837)
14943,2020-03-16,09:28,"Nitrate as N, Total",0.7,36.6223550569837,-121.666067528614,POINT (-121.666067528614 36.6223550569837)
10529,2026-02-17,10:58,"Nitrate as N, Total",0.2,36.6223550569837,-121.666067528614,POINT (-121.666067528614 36.6223550569837)
6205,2023-07-31,13:26,"Nitrate as N, Total",3.4,36.6223550569837,-121.666067528614,POINT (-121.666067528614 36.6223550569837)
6206,2023-08-30,14:41,"Nitrate as N, Total",1.1,36.6223550569837,-121.666067528614,POINT (-121.666067528614 36.6223550569837)
14967,2021-03-19,12:37,"Nitrate as N, Total",0.5,36.6223550569837,-121.666067528614,POINT (-121.666067528614 36.6223550569837)
14941,2019-11-27,09:05,"Nitrate as N, Total",0.7,36.6223550569837,-121.666067528614,POINT (-121.666067528614 36.6223550569837)
14507,2022-03-28,13:11,"Nitrate as N, Total",0.2,36.6223550569837,-121.666067528614,POINT (-121.666067528614 36.6223550569837)
14508,2022-05-24,13:55,"Nitrate as N, Total",2.0,36.6223550569837,-121.666067528614,POINT (-121.666067528614 36.6223550569837)
4681,2023-02-28,10:24,"Nitrate as N, Total",0.5,36.6223550569837,-121.666067528614,POINT (-121.666067528614 36.6223550569837)
4680,2023-02-24,09:43,"Nitrate as N, Total",0.2,36.6223550569837,-121.666067528614,POINT (-121.666067528614 36.6223550569837)
4679,2023-01-04,10:41,"Nitrate as N, Total",1.8,36.6223550569837,-121.666067528614,POINT (-121.666067528614 36.6223550569837)
4678,2022-12-01,14:03,"Nitrate as N, Total",0.9,36.6223550569837,-121.666067528614,POINT (-121.666067528614 36.6223550569837)
9102,2025-03-13,10:21,"Nitrate as N, Total",0.6,36.6223550569837,-121.666067528614,POINT (-121.666067528614 36.6223550569837)
4677,2022-11-08,09:57,"Nitrate as N, Total",0.6,36.6223550569837,-121.666067528614,POINT (-121.666067528614 36.6223550569837)
9103,2025-06-26,11:10,"Nitrate as N, Total",3.2,36.6223550569837,-121.666067528614,POINT (-121.666067528614 36.6223550569837)
6207,2023-09-26,12:56,"Nitrate as N, Total",4.3,36.6223550569837,-121.666067528614,POINT (-121.666067528614 36.6223550569837)
6208,2023-12-19,10:33,"Nitrate as N, Total",0.4,36.6223550569837,-121.666067528614,POINT (-121.666067528614 36.6223550569837)
6209,2024-02-01,10:08,"Nitrate as N, Total",1.9,36.6223550569837,-121.666067528614,POINT (-121.666067528614 36.6223550569837)
14504,2021-10-25,13:36,"Nitrate as N, Total",0.6,36.6223550569837,-121.666067528614,POINT (-121.666067528614 36.6223550569837)
6210,2024-05-29,11:41,"Nitrate as N, Total",2.9,36.6223550569837,-121.666067528614,POINT (-121.666067528614 36.6223550569837)
4685,2023-06-22,11:07,"Nitrate as N, Total",3.2,36.6223550569837,-121.666067528614,POINT (-121.666067528614 36.6223550569837)
4684,2023-05-30,13:31,"Nitrate as N, Total",3.6,36.6223550569837,-121.666067528614,POINT (-121.666067528614 36.6223550569837)
10528,2026-02-11,14:53,"Nitrate as N, Total",2.7,36.6223550569837,-121.666067528614,POINT (-121.666067528614 36.6223550569837)
10527,2025-11-13,09:45,"Nitrate as N, Total",0.3,36.6223550569837,-121.666067528614,POINT (-121.666067528614 36.6223550569837)
16737,2021-04-27,06:45,"Nitrate + Nitrite as N, Total",0.429,36.62905,-121.68815,POINT (-121.68815 36.62905)
16738,2021-05-26,09:45,"Nitrate + Nitrite as N, Total",0.848,36.62905,-121.68815,POINT (-121.68815 36.62905)
16739,2021-06-29,09:45,"Nitrate + Nitrite as N, Total",0.108,36.62905,-121.68815,POINT (-121.68815 36.62905)
16310,2018-05-05,11:07,"Nitrate as N, Not Recorded",1.8,36.646786775,-121.702569513,POINT (-121.702569513 36.646786775)
2022,2021-05-01,10:30,"Nitrate as N, Dissolved",0.9,36.646786775,-121.702569513,POINT (-121.702569513 36.646786775)
16226,2017-05-06,11:24,"Nitrate as N, Not Recorded",1.4,36.646786775,-121.702569513,POINT (-121.702569513 36.646786775)
16392,2019-05-04,11:24,"Nitrate as N, Not Recorded",2.0,36.646786775,-121.702569513,POINT (-121.702569513 36.646786775)
9344,2025-04-23,07:45,"Nitrate + Nitrite as N, Total",36.6,36.65683,-121.6135,POINT (-121.6135 36.65683)
6253,2023-12-27,13:10,"Nitrate + Nitrite as N, Total",8.27,36.65683,-121.6135,POINT (-121.6135 36.65683)
6252,2023-10-18,09:00,"Nitrate + Nitrite as N, Total",5.32,36.65683,-121.6135,POINT (-121.6135 36.65683)
11972,2021-03-23,13:45,"Nitrate + Nitrite as N, Total",30.5,36.65683,-121.6135,POINT (-121.6135 36.65683)
12110,2021-12-28,14:00,"Nitrate + Nitrite as N, Total",7.68,36.65683,-121.6135,POINT (-121.6135 36.65683)
5670,2023-09-27,07:30,"Nitrate + Nitrite as N, Total",43.7,36.65683,-121.6135,POINT (-121.6135 36.65683)
2979,2019-12-02,11:14,"Nitrate + Nitrite as N, Total",5.39,36.65683,-121.6135,POINT (-121.6135 36.65683)
12109,2021-11-28,12:50,"Nitrate + Nitrite as N, Total",52.7,36.65683,-121.6135,POINT (-121.6135 36.65683)
18297,2020-02-25,14:35,"Nitrate + Nitrite as N, Total",47.4,36.65683,-121.6135,POINT (-121.6135 36.65683)
18565,2020-07-29,13:35,"Nitrate + Nitrite as N, Total",29.3,36.65683,-121.6135,POINT (-121.6135 36.65683)
16703,2021-05-26,15:25,"Nitrate + Nitrite as N, Total",41.0,36.65683,-121.6135,POINT (-121.6135 36.65683)
4783,2023-06-20,16:10,"Nitrate + Nitrite as N, Total",25.2,36.65683,-121.6135,POINT (-121.6135 36.65683)
18431,2020-04-28,12:30,"Nitrate + Nitrite as N, Total",40.0,36.65683,-121.6135,POINT (-121.6135 36.65683)
5669,2023-08-29,14:00,"Nitrate + Nitrite as N, Total",29.2,36.65683,-121.6135,POINT (-121.6135 36.65683)
12108,2021-10-27,11:50,"Nitrate + Nitrite as N, Total",28.6,36.65683,-121.6135,POINT (-121.6135 36.65683)
2978,2019-11-18,12:37,"Nitrate + Nitrite as N, Total",19.2,36.65683,-121.6135,POINT (-121.6135 36.65683)
9783,2025-09-16,10:15,"Nitrate + Nitrite as N, Total",29.2,36.65683,-121.6135,POINT (-121.6135 36.65683)
9782,2025-08-26,09:15,"Nitrate + Nitrite as N, Total",37.4,36.65683,-121.6135,POINT (-121.6135 36.65683)
5668,2023-07-26,15:30,"Nitrate + Nitrite as N, Total",4.62,36.65683,-121.6135,POINT (-121.6135 36.65683)
10889,2026-03-24,12:30,"Nitrate + Nitrite as N, Total",1.6,36.65683,-121.6135,POINT (-121.6135 36.65683)
10888,2026-02-17,11:50,"Nitrate + Nitrite as N, Total",15.5,36.65683,-121.6135,POINT (-121.6135 36.65683)
10887,2026-01-28,11:00,"Nitrate + Nitrite as N, Total",51.9,36.65683,-121.6135,POINT (-121.6135 36.65683)
18567,2020-09-28,12:40,"Nitrate + Nitrite as N, Total",36.0,36.65683,-121.6135,POINT (-121.6135 36.65683)
9754,2025-07-23,10:10,"Nitrate + Nitrite as N, Total",30.0,36.65683,-121.6135,POINT (-121.6135 36.65683)
16702,2021-04-27,12:10,"Nitrate + Nitrite as N, Total",46.3,36.65683,-121.6135,POINT (-121.6135 36.65683)
6380,2024-02-19,14:50,"Nitrate + Nitrite as N, Total",0.99,36.65683,-121.6135,POINT (-121.6135 36.65683)
6381,2024-03-28,13:30,"Nitrate + Nitrite as N, Total",14.5,36.65683,-121.6135,POINT (-121.6135 36.65683)
865,2022-10-25,13:25,"Nitrate + Nitrite as N, Total",3.6,36.65683,-121.6135,POINT (-121.6135 36.65683)
18298,2020-03-17,15:42,"Nitrate + Nitrite as N, Total",12.4,36.65683,-121.6135,POINT (-121.6135 36.65683)
18296,2020-01-28,12:30,"Nitrate + Nitrite as N, Total",11.0,36.65683,-121.6135,POINT (-121.6135 36.65683)
16816,2021-07-27,15:00,"Nitrate + Nitrite as N, Total",38.6,36.65683,-121.6135,POINT (-121.6135 36.65683)
16817,2021-08-25,14:40,"Nitrate + Nitrite as N, Total",35.0,36.65683,-121.6135,POINT (-121.6135 36.65683)
867,2022-12-13,12:00,"Nitrate + Nitrite as N, Total",13.6,36.65683,-121.6135,POINT (-121.6135 36.65683)
16929,2023-01-26,08:15,"Nitrate + Nitrite as N, Total",8.27,36.65683,-121.6135,POINT (-121.6135 36.65683)
4782,2023-05-11,13:35,"Nitrate + Nitrite as N, Total",37.0,36.65683,-121.6135,POINT (-121.6135 36.65683)
4781,2023-04-25,16:00,"Nitrate + Nitrite as N, Total",32.1,36.65683,-121.6135,POINT (-121.6135 36.65683)
16930,2023-02-25,12:40,"Nitrate + Nitrite as N, Total",14.6,36.65683,-121.6135,POINT (-121.6135 36.65683)
460,2022-05-25,07:40,"Nitrate + Nitrite as N, Total",56.9,36.65683,-121.6135,POINT (-121.6135 36.65683)
6379,2024-01-31,13:40,"Nitrate + Nitrite as N, Total",8.04,36.65683,-121.6135,POINT (-121.6135 36.65683)
16931,2023-03-30,09:20,"Nitrate + Nitrite as N, Total",1.88,36.65683,-121.6135,POINT (-121.6135 36.65683)
9346,2025-06-17,07:50,"Nitrate + Nitrite as N, Total",24.3,36.65683,-121.6135,POINT (-121.6135 36.65683)
16818,2021-09-28,12:15,"Nitrate + Nitrite as N, Total",46.7,36.65683,-121.6135,POINT (-121.6135 36.65683)
8554,2024-10-22,11:05,"Nitrate + Nitrite as N, Total",27.8,36.65683,-121.6135,POINT (-121.6135 36.65683)
8555,2024-11-20,09:40,"Nitrate + Nitrite as N, Total",20.4,36.65683,-121.6135,POINT (-121.6135 36.65683)
9214,2025-03-19,08:00,"Nitrate + Nitrite as N, Total",34.8,36.65683,-121.6135,POINT (-121.6135 36.65683)
9213,2025-02-06,13:00,"Nitrate + Nitrite as N, Total",19.0,36.65683,-121.6135,POINT (-121.6135 36.65683)
461,2022-06-29,13:40,"Nitrate + Nitrite as N, Total",37.5,36.65683,-121.6135,POINT (-121.6135 36.65683)
459,2022-04-26,11:30,"Nitrate + Nitrite as N, Total",31.0,36.65683,-121.6135,POINT (-121.6135 36.65683)
9212,2025-01-29,10:05,"Nitrate + Nitrite as N, Total",19.0,36.65683,-121.6135,POINT (-121.6135 36.65683)
18566,2020-08-26,13:45,"Nitrate + Nitrite as N, Total",38.5,36.65683,-121.6135,POINT (-121.6135 36.65683)
8556,2024-12-27,13:35,"Nitrate + Nitrite as N, Total",8.26,36.65683,-121.6135,POINT (-121.6135 36.65683)
16704,2021-06-29,13:25,"Nitrate + Nitrite as N, Total",37.7,36.65683,-121.6135,POINT (-121.6135 36.65683)
8422,2024-09-25,12:05,"Nitrate + Nitrite as N, Total",41.2,36.65683,-121.6135,POINT (-121.6135 36.65683)
8421,2024-08-28,14:15,"Nitrate + Nitrite as N, Total",24.8,36.65683,-121.6135,POINT (-121.6135 36.65683)
8420,2024-07-30,13:00,"Nitrate + Nitrite as N, Total",30.3,36.65683,-121.6135,POINT (-121.6135 36.65683)
10755,2025-12-29,08:00,"Nitrate + Nitrite as N, Total",1.18,36.65683,-121.6135,POINT (-121.6135 36.65683)
10754,2025-11-18,10:30,"Nitrate + Nitrite as N, Total",14.4,36.65683,-121.6135,POINT (-121.6135 36.65683)
9345,2025-05-27,11:25,"Nitrate + Nitrite as N, Total",54.4,36.65683,-121.6135,POINT (-121.6135 36.65683)
10753,2025-10-21,10:10,"Nitrate + Nitrite as N, Total",18.9,36.65683,-121.6135,POINT (-121.6135 36.65683)
11970,2021-01-28,12:00,"Nitrate + Nitrite as N, Total",7.31,36.65683,-121.6135,POINT (-121.6135 36.65683)
11852,2020-10-29,12:22,"Nitrate + Nitrite as N, Total",29.2,36.65683,-121.6135,POINT (-121.6135 36.65683)
866,2022-11-29,13:40,"Nitrate + Nitrite as N, Total",30.3,36.65683,-121.6135,POINT (-121.6135 36.65683)
11971,2021-02-25,09:35,"Nitrate + Nitrite as N, Total",20.2,36.65683,-121.6135,POINT (-121.6135 36.65683)
18432,2020-05-26,14:25,"Nitrate + Nitrite as N, Total",30.7,36.65683,-121.6135,POINT (-121.6135 36.65683)
18433,2020-06-24,12:35,"Nitrate + Nitrite as N, Total",94.7,36.65683,-121.6135,POINT (-121.6135 36.65683)
761,2022-07-26,13:50,"Nitrate + Nitrite as N, Total",62.1,36.65683,-121.6135,POINT (-121.6135 36.65683)
762,2022-08-24,14:00,"Nitrate + Nitrite as N, Total",38.3,36.65683,-121.6135,POINT (-121.6135 36.65683)
763,2022-09-21,14:20,"Nitrate + Nitrite as N, Total",56.5,36.65683,-121.6135,POINT (-121.6135 36.65683)
2977,2019-10-29,14:08,"Nitrate + Nitrite as N, Total",23.1,36.65683,-121.6135,POINT (-121.6135 36.65683)
11854,2020-12-28,12:25,"Nitrate + Nitrite as N, Total",0.04,36.65683,-121.6135,POINT (-121.6135 36.65683)
11853,2020-11-23,12:05,"Nitrate + Nitrite as N, Total",19.5,36.65683,-121.6135,POINT (-121.6135 36.65683)
9040,2024-11-11,13:50,"Nitrate + Nitrite as N, Total",0.7,36.66053,-121.68369,POINT (-121.68369 36.66053)
9041,2024-11-11,13:50,"Nitrate as N, Total",0.7,36.66053,-121.68369,POINT (-121.68369 36.66053)
16734,2021-06-29,12:50,"Nitrate + Nitrite as N, Total",10.5,36.60956,-121.56137,POINT (-121.56137 36.60956)
3006,2019-12-02,10:20,"Nitrate + Nitrite as N, Total",5.27,36.60956,-121.56137,POINT (-121.56137 36.60956)
18328,2020-02-25,14:10,"Nitrate + Nitrite as N, Total",46.0,36.60956,-121.56137,POINT (-121.56137 36.60956)
12136,2021-12-28,15:20,"Nitrate + Nitrite as N, Total",11.1,36.60956,-121.56137,POINT (-121.56137 36.60956)
893,2022-12-11,12:50,"Nitrate + Nitrite as N, Total",48.3,36.60956,-121.56137,POINT (-121.56137 36.60956)
12001,2021-01-28,11:00,"Nitrate + Nitrite as N, Total",12.0,36.60956,-121.56137,POINT (-121.56137 36.60956)
16967,2023-01-25,15:25,"Nitrate + Nitrite as N, Total",59.4,36.60956,-121.56137,POINT (-121.56137 36.60956)
10921,2026-02-16,13:30,"Nitrate + Nitrite as N, Total",11.6,36.60956,-121.56137,POINT (-121.56137 36.60956)
12002,2021-02-24,14:50,"Nitrate + Nitrite as N, Total",20.8,36.60956,-121.56137,POINT (-121.56137 36.60956)
600,2022-07-20,08:00,"Nitrate + Nitrite as N, Dissolved",0.013,36.693014,-121.728625,POINT (-121.728625 36.693014)
601,2022-07-20,08:00,"Nitrate + Nitrite as N, Dissolved",0.0,36.693014,-121.728625,POINT (-121.728625 36.693014)
607,2022-10-04,11:00,"Nitrate + Nitrite as N, Dissolved",35.2,36.693014,-121.728625,POINT (-121.728625 36.693014)
609,2022-10-11,11:00,"Nitrate + Nitrite as N, Dissolved",15.36,36.693014,-121.728625,POINT (-121.728625 36.693014)
610,2022-10-11,11:00,"Nitrate + Nitrite as N, Dissolved",31.776,36.693014,-121.728625,POINT (-121.728625 36.693014)
612,2022-10-19,16:00,"Nitrate + Nitrite as N, Dissolved",26.304,36.693014,-121.728625,POINT (-121.728625 36.693014)
604,2022-09-26,09:00,"Nitrate + Nitrite as N, Dissolved",20.992,36.693014,-121.728625,POINT (-121.728625 36.693014)
602,2022-09-26,09:00,"Nitrate + Nitrite as N, Dissolved",34.24,36.692938,-121.728366,POINT (-121.728366 36.692938)
605,2022-10-04,11:00,"Nitrate + Nitrite as N, Dissolved",,36.692938,-121.728366,POINT (-121.728366 36.692938)
608,2022-10-11,11:00,"Nitrate + Nitrite as N, Dissolved",28.544,36.692938,-121.728366,POINT (-121.728366 36.692938)
611,2022-10-19,16:00,"Nitrate + Nitrite as N, Dissolved",57.92,36.692938,-121.728366,POINT (-121.728366 36.692938)
587,2022-05-13,08:30,"Nitrate + Nitrite as N, Dissolved",65.28,36.692938,-121.728366,POINT (-121.728366 36.692938)
617,2022-11-30,16:00,"Nitrate + Nitrite as N, Dissolved",36.9,36.692938,-121.728366,POINT (-121.728366 36.692938)
593,2022-06-17,16:00,"Nitrate + Nitrite as N, Dissolved",42.56,36.692938,-121.728366,POINT (-121.728366 36.692938)
589,2022-06-03,08:00,"Nitrate + Nitrite as N, Dissolved",50.816,36.692938,-121.728366,POINT (-121.728366 36.692938)
615,2022-11-17,16:00,"Nitrate + Nitrite as N, Dissolved",41.2,36.692938,-121.728366,POINT (-121.728366 36.692938)
618,2022-11-30,16:00,"Nitrate + Nitrite as N, Dissolved",15.92,36.693014,-121.728625,POINT (-121.728625 36.693014)
616,2022-11-17,16:00,"Nitrate + Nitrite as N, Dissolved",13.424,36.693014,-121.728625,POINT (-121.728625 36.693014)
603,2022-09-26,09:00,"Nitrate + Nitrite as N, Dissolved",4.128,36.693014,-121.728625,POINT (-121.728625 36.693014)
606,2022-10-04,11:00,"Nitrate + Nitrite as N, Dissolved",6.72,36.693014,-121.728625,POINT (-121.728625 36.693014)
588,2022-05-13,08:30,"Nitrate + Nitrite as N, Dissolved",0.008,36.693014,-121.728625,POINT (-121.728625 36.693014)
590,2022-06-03,08:00,"Nitrate + Nitrite as N, Dissolved",0.057,36.693014,-121.728625,POINT (-121.728625 36.693014)
592,2022-06-10,12:00,"Nitrate + Nitrite as N, Dissolved",0.057,36.693014,-121.728625,POINT (-121.728625 36.693014)
614,2022-11-01,16:00,"Nitrate + Nitrite as N, Dissolved",25.0,36.693014,-121.728625,POINT (-121.728625 36.693014)
594,2022-06-17,16:00,"Nitrate + Nitrite as N, Dissolved",0.254,36.693014,-121.728625,POINT (-121.728625 36.693014)
596,2022-06-24,16:00,"Nitrate + Nitrite as N, Dissolved",0.087,36.693014,-121.728625,POINT (-121.728625 36.693014)
598,2022-06-30,16:00,"Nitrate + Nitrite as N, Dissolved",0.064,36.693014,-121.728625,POINT (-121.728625 36.693014)
18442,2020-05-26,13:30,"Nitrate + Nitrite as N, Total",35.8,36.56376,-121.51393,POINT (-121.51393 36.56376)
6261,2023-10-17,13:10,"Nitrate + Nitrite as N, Total",37.7,36.56376,-121.51393,POINT (-121.51393 36.56376)
8434,2024-09-24,12:30,"Nitrate + Nitrite as N, Total",30.5,36.56376,-121.51393,POINT (-121.51393 36.56376)
18576,2020-07-29,12:40,"Nitrate + Nitrite as N, Total",178.0,36.56376,-121.51393,POINT (-121.51393 36.56376)
5680,2023-09-27,08:40,"Nitrate + Nitrite as N, Total",34.3,36.56376,-121.51393,POINT (-121.51393 36.56376)
10764,2025-11-18,12:20,"Nitrate + Nitrite as N, Total",18.8,36.56376,-121.51393,POINT (-121.51393 36.56376)
16364,2019-05-04,09:35,"Nitrate as N, Not Recorded",0.4,35.428724991,-120.605557615,POINT (-120.605557615 35.428724991)
16318,2018-05-05,08:45,"Nitrate as N, Not Recorded",,35.388487528,-120.581884487,POINT (-120.581884487 35.388487528)
16362,2019-05-04,11:20,"Nitrate as N, Not Recorded",,35.408569119,-120.567210079,POINT (-120.567210079 35.408569119)
16313,2018-05-05,09:30,"Nitrate as N, Not Recorded",,35.408569119,-120.567210079,POINT (-120.567210079 35.408569119)
16229,2017-05-06,10:30,"Nitrate as N, Not Recorded",,35.408569119,-120.567210079,POINT (-120.567210079 35.408569119)
2024,2021-05-01,09:36,"Nitrate as N, Dissolved",,35.408569119,-120.567210079,POINT (-120.567210079 35.408569119)
16230,2017-05-06,08:40,"Nitrate as N, Not Recorded",0.4,35.428724991,-120.605557615,POINT (-120.605557615 35.428724991)
16314,2018-05-05,12:00,"Nitrate as N, Not Recorded",,35.428724991,-120.605557615,POINT (-120.605557615 35.428724991)
16303,2018-05-05,10:25,"Nitrate as N, Not Recorded",,35.455134479,-120.691151672,POINT (-120.691151672 35.455134479)
16367,2019-05-04,11:17,"Nitrate as N, Not Recorded",,35.455134479,-120.691151672,POINT (-120.691151672 35.455134479)
16217,2017-05-06,10:01,"Nitrate as N, Not Recorded",,35.455134479,-120.691151672,POINT (-120.691151672 35.455134479)
16228,2017-05-06,10:58,"Nitrate as N, Not Recorded",0.6,35.492927647,-120.645740459,POINT (-120.645740459 35.492927647)
16312,2018-05-05,11:30,"Nitrate as N, Not Recorded",0.6,35.492927647,-120.645740459,POINT (-120.645740459 35.492927647)
16366,2019-05-04,11:47,"Nitrate as N, Not Recorded",0.2,35.492985542,-120.665120084,POINT (-120.665120084 35.492985542)
16216,2017-05-06,10:30,"Nitrate as N, Not Recorded",0.2,35.492985542,-120.665120084,POINT (-120.665120084 35.492985542)
16302,2018-05-05,11:00,"Nitrate as N, Not Recorded",0.3,35.492985542,-120.665120084,POINT (-120.665120084 35.492985542)
2017,2021-05-01,09:35,"Nitrate as N, Dissolved",,35.492985542,-120.665120084,POINT (-120.665120084 35.492985542)
16368,2019-05-04,10:19,"Nitrate as N, Not Recorded",0.2,35.499964459,-120.694272952,POINT (-120.694272952 35.499964459)
16221,2017-05-06,09:22,"Nitrate as N, Not Recorded",0.3,35.499964459,-120.694272952,POINT (-120.694272952 35.499964459)
16305,2018-05-05,09:50,"Nitrate as N, Not Recorded",,35.499964459,-120.694272952,POINT (-120.694272952 35.499964459)
16363,2019-05-04,09:35,"Nitrate as N, Not Recorded",,35.753747498,-120.688670358,POINT (-120.688670358 35.753747498)
