,well_name,latitude,longitude,gse,rpe,gse_method,county_name,well_depth,well_use,well_type,geometry
20299,PASO-0066,35.52622,-120.5215,1099.93,1099.93,GPS,San Luis Obispo,254.0,Residential,Single Well,POINT (-120.5215 35.52622)
20583,SLOGSA-01 Lower,35.57005,-120.5448,1011.18,1013.9,Surveyed to a benchmark,San Luis Obispo,595.0,Observation,Part of a nested/multi-completion well,POINT (-120.5448 35.57005)
20582,SLOGSA-01 Middle,35.57006,-120.5448,1011.18,1014.04,Surveyed to a benchmark,San Luis Obispo,295.0,Observation,Part of a nested/multi-completion well,POINT (-120.5448 35.57006)
20581,SLOGSA-01 Upper,35.57008,-120.54482,1011.51,1013.85,Surveyed to a benchmark,San Luis Obispo,115.0,Observation,Single Well,POINT (-120.54482 35.57008)
20580,SLOGSA-01 Shallow,35.5701,-120.54482,1011.7,1014.15,Surveyed to a benchmark,San Luis Obispo,65.0,Observation,Single Well,POINT (-120.54482 35.5701)
19702,29S/13E-19H04,35.38894,-120.61232,1003.0,1005.0,GPS,San Luis Obispo,57.0,Other,Single Well,POINT (-120.61232 35.38894)
19770,E11W-26B,35.40252,-120.61242,1002.97,1003.0,Unknown,San Luis Obispo,35.0,Observation,Single Well,POINT (-120.61242 35.40252)
19966,PASO-0313,35.44704,-120.61727,935.58,935.08,GPS,San Luis Obispo,250.0,Observation,Single Well,POINT (-120.61727 35.44704)
19983,28S/13E-31F02,35.45165,-120.61765,884.3,884.3,Unknown,San Luis Obispo,310.0,Public Supply,Single Well,POINT (-120.61765 35.45165)
20047,28S/12E-25B03,35.46764,-120.63056,866.25,867.8,Unknown,San Luis Obispo,120.0,Public Supply,Single Well,POINT (-120.63056 35.46764)
20391,PASO-0086,35.54336,-120.62113,1086.73,1086.73,GPS,San Luis Obispo,355.0,Residential,Single Well,POINT (-120.62113 35.54336)
20140,28S/12E-14K04,35.49287,-120.64843,835.0,835.0,Unknown,San Luis Obispo,105.0,Public Supply,Single Well,POINT (-120.64843 35.49287)
20195,28S/12E-10R04,35.50278,-120.66051,820.0,820.0,Unknown,San Luis Obispo,75.0,Public Supply,Single Well,POINT (-120.66051 35.50278)
20218,28S/12E-11K02,35.50861,-120.6525,882.0,882.0,Unknown,San Luis Obispo,603.0,Other,Single Well,POINT (-120.6525 35.50861)
20254,28S/12E-10A03,35.51541,-120.66728,808.29,808.29,Unknown,San Luis Obispo,500.0,Unknown,Single Well,POINT (-120.66728 35.51541)
20263,28S/12E-04J06,35.51917,-120.67638,800.51,800.51,Unknown,San Luis Obispo,153.0,Other,Single Well,POINT (-120.67638 35.51917)
20266,28S/12E-04J04,35.52,-120.67499,802.37,802.37,Unknown,San Luis Obispo,70.0,Observation,Single Well,POINT (-120.67499 35.52)
20268,28S/12E-04J05,35.52,-120.6761,803.13,803.13,Unknown,San Luis Obispo,360.0,Public Supply,Single Well,POINT (-120.6761 35.52)
20269,28S/12E-04J02,35.52027,-120.67611,795.83,795.83,Unknown,San Luis Obispo,86.0,Public Supply,Single Well,POINT (-120.67611 35.52027)
20302,28S/12E-05AX2,35.52693,-120.69599,796.21,796.21,Unknown,San Luis Obispo,60.0,Public Supply,Single Well,POINT (-120.69599 35.52693)
20362,27S/12E-33G01,35.53744,-120.68275,891.0,892.0,Unknown,San Luis Obispo,460.0,Irrigation,Single Well,POINT (-120.68275 35.53744)
20377,27S/12E-33F01,35.5407,-120.68854,879.5,880.0,Unknown,San Luis Obispo,340.0,Public Supply,Single Well,POINT (-120.68854 35.5407)
20458,27S/12E-29H03,35.55435,-120.69615,753.01,753.01,Unknown,San Luis Obispo,65.0,Public Supply,Single Well,POINT (-120.69615 35.55435)
20506,27S/12E-20R01,35.55933,-120.6969,771.0,771.0,Unknown,San Luis Obispo,230.0,Other,Single Well,POINT (-120.6969 35.55933)
20504,27S/12E-21XX6,35.55937,-120.69298,754.18,754.18,Unknown,San Luis Obispo,61.0,Public Supply,Single Well,POINT (-120.69298 35.55937)
20505,27S/12E-21XX5,35.55938,-120.69428,752.46,752.46,Unknown,San Luis Obispo,360.0,Public Supply,Single Well,POINT (-120.69428 35.55938)
20508,27S12E21N005M,35.5597,-120.6917,737.15,737.15,Unknown,San Luis Obispo,,Unknown,Unknown,POINT (-120.6917 35.5597)
20510,27S12E21N001M,35.5605,-120.6934,750.65,750.65,Unknown,San Luis Obispo,,Unknown,Unknown,POINT (-120.6934 35.5605)
20517,27S/12E-22M01,35.56195,-120.67414,850.0,850.5,Unknown,San Luis Obispo,550.0,Irrigation,Single Well,POINT (-120.67414 35.56195)
20565,27S/12E-20A02,35.56934,-120.6994,776.0,776.0,Unknown,San Luis Obispo,205.0,Public Supply,Single Well,POINT (-120.6994 35.56934)
20619,PASO-0223,35.57317,-120.64043,972.42,972.42,Digital Elevation Model,San Luis Obispo,295.0,Irrigation,Single Well,POINT (-120.64043 35.57317)
20697,27S/12E-17B02,35.58424,-120.7007,828.31,828.31,Unknown,San Luis Obispo,400.0,Public Supply,Single Well,POINT (-120.7007 35.58424)
20741,27S/12E-09N02,35.58778,-120.69138,721.0,721.0,Unknown,San Luis Obispo,85.0,Other,Single Well,POINT (-120.69138 35.58778)
21284,PASO-0124,35.64018,-120.65858,835.0,835.0,Digital Elevation Model,San Luis Obispo,400.0,Irrigation,Single Well,POINT (-120.65858 35.64018)
21436,18MW-0191,35.65319,-120.69051,670.38,674.38,Digital Elevation Model,San Luis Obispo,50.0,Observation,Single Well,POINT (-120.69051 35.65319)
21554,PASO-0238,35.66506,-120.64783,786.0,786.0,Digital Elevation Model,San Luis Obispo,1100.0,Irrigation,Single Well,POINT (-120.64783 35.66506)
21628,PASO-0184,35.67,-120.64156,790.0,790.0,Unknown,San Luis Obispo,1230.0,Irrigation,Single Well,POINT (-120.64156 35.67)
21629,PASO-0048,35.67003,-120.64689,795.0,795.0,Digital Elevation Model,San Luis Obispo,740.0,Irrigation,Single Well,POINT (-120.64689 35.67003)
20674,27S/12E-17E01,35.58083,-120.70861,842.4,842.4,Unknown,San Luis Obispo,310.0,Other,Single Well,POINT (-120.70861 35.58083)
22536,25S11E09M001M,35.7683,-120.802,608.12,608.12,Unknown,San Luis Obispo,,Unknown,Unknown,POINT (-120.802 35.7683)
20416,PASO-0423,35.54884,-120.60999,1090.23,1090.23,Digital Elevation Model,San Luis Obispo,685.0,Irrigation,Single Well,POINT (-120.60999 35.54884)
20440,PASO-0243,35.55106,-120.57949,1072.0,1072.0,Unknown,San Luis Obispo,212.0,Irrigation,Single Well,POINT (-120.57949 35.55106)
20455,PASO-0355,35.55353,-120.6154,1043.2,1043.2,Digital Elevation Model,San Luis Obispo,310.0,Irrigation,Single Well,POINT (-120.6154 35.55353)
21661,CPGSA-01 Lower,35.67399,-120.62083,818.396,820.63,Surveyed to a benchmark,San Luis Obispo,570.0,Observation,Part of a nested/multi-completion well,POINT (-120.62083 35.67399)
21660,CPGSA-01 Middle,35.67399,-120.62083,818.396,821.012,Surveyed to a benchmark,San Luis Obispo,490.0,Observation,Part of a nested/multi-completion well,POINT (-120.62083 35.67399)
21659,CPGSA-01 Upper,35.67399,-120.62083,818.396,821.308,Surveyed to a benchmark,San Luis Obispo,320.0,Observation,Part of a nested/multi-completion well,POINT (-120.62083 35.67399)
21733,PASO-0164,35.68134,-120.60417,827.92,827.92,GPS,San Luis Obispo,400.0,Residential,Single Well,POINT (-120.60417 35.68134)
21630,PASO-0017,35.67003,-120.6469,787.0,787.0,Unknown,San Luis Obispo,840.0,Irrigation,Single Well,POINT (-120.6469 35.67003)
22431,PASO-0345,35.75353,-120.68536,669.8,669.8,GPS,San Luis Obispo,350.0,Observation,Part of a nested/multi-completion well,POINT (-120.68536 35.75353)
22435,PASO-0349,35.7536,-120.68542,679.07,679.07,GPS,San Luis Obispo,528.0,Observation,Part of a nested/multi-completion well,POINT (-120.68542 35.7536)
22434,PASO-0353,35.75364,-120.68533,669.8,669.8,GPS,San Luis Obispo,284.0,Observation,Part of a nested/multi-completion well,POINT (-120.68533 35.75364)
23294,SArdoS19450,35.93624,-120.86607,456.8,459.12,Unknown,Monterey,142.0,Observation,Single Well,POINT (-120.86607 35.93624)
23357,SArdoN19447,35.95928,-120.8715,461.3,463.6,Digital Elevation Model,Monterey,142.0,Observation,Single Well,POINT (-120.8715 35.95928)
23423,1761,35.97422,-120.87543,486.1,487.3,Digital Elevation Model,Monterey,182.0,Irrigation,Single Well,POINT (-120.87543 35.97422)
24259,555,36.10673,-121.01083,349.8,355.1,Digital Elevation Model,Monterey,100.0,Irrigation,Single Well,POINT (-121.01083 36.10673)
24260,26413,36.10682,-121.04824,480.4,483.3,USGS quad,Monterey,,Irrigation,Single Well,POINT (-121.04824 36.10682)
24788,10077,36.14981,-121.09201,438.0,438.3,Digital Elevation Model,Monterey,432.0,Residential,Single Well,POINT (-121.09201 36.14981)
25333,355,36.19219,-121.08509,320.8,322.7,USGS quad,Monterey,170.0,Irrigation,Single Well,POINT (-121.08509 36.19219)
23100,10134,35.8791,-120.89823,747.5,747.9,Digital Elevation Model,Monterey,780.0,Irrigation,Single Well,POINT (-120.89823 35.8791)
23596,189,36.0137,-120.89202,478.8,480.2,Digital Elevation Model,Monterey,,Irrigation,Single Well,POINT (-120.89202 36.0137)
23659,1137,36.02334,-120.89832,465.4,465.8,Digital Elevation Model,Monterey,,Irrigation,Single Well,POINT (-120.89832 36.02334)
23832,733,36.0522,-120.92062,407.5,407.6,Digital Elevation Model,Monterey,,Irrigation,Single Well,POINT (-120.92062 36.0522)
24082,2611,36.08697,-120.95076,400.0,400.5,Digital Elevation Model,Monterey,120.0,Irrigation,Single Well,POINT (-120.95076 36.08697)
24107,55,36.09105,-120.96389,384.6,386.0,Digital Elevation Model,Monterey,65.0,Irrigation,Single Well,POINT (-120.96389 36.09105)
24586,23311,36.1349,-121.03857,342.1,343.9,USGS quad,Monterey,65.0,Irrigation,Single Well,POINT (-121.03857 36.1349)
24900,2595,36.15672,-121.05221,335.3,336.0,Digital Elevation Model,Monterey,80.0,Irrigation,Single Well,POINT (-121.05221 36.15672)
25327,1735,36.19034,-121.07133,349.3,352.9,USGS quad,Monterey,236.0,Irrigation,Single Well,POINT (-121.07133 36.19034)
26227,08S09E05H001M,36.2686,-120.9946,93.21,94.21,Unknown,Merced,,Unknown,Unknown,POINT (-120.9946 36.2686)
26528,10004,36.29639,-121.28924,375.8,376.3,Digital Elevation Model,Monterey,320.0,Irrigation,Single Well,POINT (-121.28924 36.29639)
26663,333,36.30902,-121.26509,320.6,321.6,Digital Elevation Model,Monterey,300.0,Irrigation,Single Well,POINT (-121.26509 36.30902)
26744,10010,36.31416,-121.23271,262.3,262.5,Digital Elevation Model,Monterey,420.0,Irrigation,Single Well,POINT (-121.23271 36.31416)
26820,10494,36.32459,-121.22891,250.3,250.9,Digital Elevation Model,Monterey,150.0,Public Supply,Single Well,POINT (-121.22891 36.32459)
26829,THNA21068,36.3258,-121.2864,265.8,265.8,USGS quad,Monterey,120.0,Observation,Single Well,POINT (-121.2864 36.3258)
26830,THNB18502,36.3259,-121.2863,263.1,263.14,USGS quad,Monterey,258.0,Observation,Single Well,POINT (-121.2863 36.3259)
26843,2308,36.32699,-121.30453,341.3,343.7,USGS quad,Monterey,300.0,Irrigation,Single Well,POINT (-121.30453 36.32699)
26971,1495,36.3359,-121.2745,256.7,256.9,USGS quad,Monterey,120.0,Irrigation,Single Well,POINT (-121.2745 36.3359)
27063,1488,36.34285,-121.30141,243.0,243.2,Digital Elevation Model,Monterey,342.0,Irrigation,Single Well,POINT (-121.30141 36.34285)
27110,1886,36.34565,-121.23498,233.8,238.0,Digital Elevation Model,Monterey,200.0,Irrigation,Single Well,POINT (-121.23498 36.34565)
26194,WELL 02 (STANDBY) ,36.26459,-121.43645,720.0,720.0,Other,Monterey,,Public Supply,Single Well,POINT (-121.43645 36.26459)
26195,WELL 01-EMERGENCY (GWUDI),36.26466,-121.43713,723.0,723.0,Other,Monterey,,Public Supply,Single Well,POINT (-121.43713 36.26466)
26196,WELL 03,36.26479,-121.4371,724.0,724.0,Other,Monterey,,Public Supply,Single Well,POINT (-121.4371 36.26479)
27692,1771,36.3928,-121.36102,186.5,187.4,Digital Elevation Model,Monterey,350.0,Irrigation,Single Well,POINT (-121.36102 36.3928)
27900,914,36.40985,-121.3808,166.7,167.5,Digital Elevation Model,Monterey,234.0,Irrigation,Single Well,POINT (-121.3808 36.40985)
28111,1201,36.42894,-121.40611,260.5,263.3,Digital Elevation Model,Monterey,265.0,Residential,Single Well,POINT (-121.40611 36.42894)
28172,1441,36.43063,-121.34578,180.3,180.3,Digital Elevation Model,Monterey,303.0,Irrigation,Single Well,POINT (-121.34578 36.43063)
28260,1485,36.4424,-121.3682,172.2,173.2,USGS quad,Monterey,252.0,Irrigation,Single Well,POINT (-121.3682 36.4424)
28486,513,36.45902,-121.42618,136.8,137.9,Digital Elevation Model,Monterey,210.0,Irrigation,Single Well,POINT (-121.42618 36.45902)
28520,22926,36.46259,-121.4507,132.8,133.5,USGS quad,Monterey,830.0,Irrigation,Single Well,POINT (-121.4507 36.46259)
27127,HUDA21067,36.3485,-121.2756,234.6,234.1,USGS quad,Monterey,130.0,Observation,Single Well,POINT (-121.2756 36.3485)
27126,HUDB18467,36.3485,-121.2756,234.6,234.1,USGS quad,Monterey,253.0,Observation,Single Well,POINT (-121.2756 36.3485)
27194,403,36.35373,-121.24851,231.1,230.6,Digital Elevation Model,Monterey,265.0,Irrigation,Single Well,POINT (-121.24851 36.35373)
27213,LosCochesB21066,36.3562,-121.3033,224.0,223.6,USGS quad,Monterey,280.0,Observation,Single Well,POINT (-121.3033 36.3562)
27212,LosCochesA21314,36.3562,-121.3033,226.2,226.0,USGS quad,Monterey,95.0,Observation,Single Well,POINT (-121.3033 36.3562)
27214,LosCochesC18449,36.3562,-121.3033,226.2,225.8,USGS quad,Monterey,590.0,Observation,Single Well,POINT (-121.3033 36.3562)
27308,24,36.36278,-121.32634,304.9,306.4,Digital Elevation Model,Monterey,444.0,Irrigation,Single Well,POINT (-121.32634 36.36278)
27483,788,36.37481,-121.2798,215.8,217.4,Digital Elevation Model,Monterey,235.0,Irrigation,Single Well,POINT (-121.2798 36.37481)
27653,1335,36.38715,-121.33755,197.9,199.1,Digital Elevation Model,Monterey,279.0,Irrigation,Single Well,POINT (-121.33755 36.38715)
27656,1000,36.38769,-121.29443,210.2,211.2,Digital Elevation Model,Monterey,274.0,Irrigation,Single Well,POINT (-121.29443 36.38769)
25860,WELL 02,36.23499,-121.47304,780.0,780.0,Digital Elevation Model,Monterey,,Public Supply,Single Well,POINT (-121.47304 36.23499)
28656,719,36.4751,-121.46499,115.5,117.7,Digital Elevation Model,Monterey,170.0,Irrigation,Single Well,POINT (-121.46499 36.4751)
28759,17S04E01D001M,36.48783,-121.48936,146.7,147.3,USGS quad,Monterey,310.0,Irrigation,Single Well,POINT (-121.48936 36.48783)
28785,GZWB21201,36.48832,-121.4684,117.1,119.6,USGS quad,Monterey,300.0,Observation,Single Well,POINT (-121.4684 36.48832)
28784,GZWA21202,36.48832,-121.4684,124.4,127.1,USGS quad,Monterey,115.0,Observation,Single Well,POINT (-121.4684 36.48832)
28806,21204,36.48916,-121.46768,124.0,122.6,Digital Elevation Model,Monterey,115.0,Observation,Part of a nested/multi-completion well,POINT (-121.46768 36.48916)
28874,16S05E31M001M,36.49515,-121.47049,119.6,120.6,Digital Elevation Model,Monterey,172.0,Irrigation,Single Well,POINT (-121.47049 36.49515)
28972,16S05E30J002M,36.50857,-121.45516,126.9,128.2,Digital Elevation Model,Monterey,443.0,Irrigation,Single Well,POINT (-121.45516 36.50857)
29013,16S05E30E001M,36.51479,-121.46918,122.7,122.7,Digital Elevation Model,Monterey,263.0,Irrigation,Single Well,POINT (-121.46918 36.51479)
29018,16S04E25G001M,36.51568,-121.49156,110.1,111.3,Digital Elevation Model,Monterey,560.0,Irrigation,Single Well,POINT (-121.49156 36.51568)
27665,708,36.3884,-121.30973,189.2,189.4,Digital Elevation Model,Monterey,195.0,Irrigation,Single Well,POINT (-121.30973 36.3884)
27683,1001,36.39234,-121.27469,213.6,215.1,Digital Elevation Model,Monterey,218.0,Irrigation,Single Well,POINT (-121.27469 36.39234)
27857,VidaShallow21210,36.4047,-121.3162,196.5,196.8,USGS quad,Monterey,120.0,Observation,Single Well,POINT (-121.3162 36.4047)
27858,VidaDeep21209,36.4048,-121.3162,196.5,198.9,USGS quad,Monterey,260.0,Observation,Single Well,POINT (-121.3162 36.4048)
27886,404,36.40803,-121.28131,189.7,189.9,Digital Elevation Model,Monterey,144.0,Irrigation,Single Well,POINT (-121.28131 36.40803)
28029,1248,36.4198,-121.30167,243.8,244.2,Digital Elevation Model,Monterey,250.0,Irrigation,Single Well,POINT (-121.30167 36.4198)
28354,2310,36.44544,-121.32919,233.2,233.6,Digital Elevation Model,Monterey,626.0,Irrigation,Single Well,POINT (-121.32919 36.44544)
29506,16S04E11D051M,36.55944,-121.50737,113.5,114.1,USGS quad,Monterey,1000.0,Irrigation,Single Well,POINT (-121.50737 36.55944)
29552,633,36.56205,-121.45384,252.3,252.3,Digital Elevation Model,Monterey,550.0,Irrigation,Single Well,POINT (-121.45384 36.56205)
29568,1303,36.5636,-121.49969,140.3,141.1,Digital Elevation Model,Monterey,1023.0,Irrigation,Single Well,POINT (-121.49969 36.5636)
29647,16S04E04C001M,36.57326,-121.53778,91.2,91.8,Digital Elevation Model,Monterey,466.0,Irrigation,Single Well,POINT (-121.53778 36.57326)
29740,588,36.57761,-121.48379,252.3,255.1,Digital Elevation Model,Monterey,,Irrigation,Single Well,POINT (-121.48379 36.57761)
29797,294,36.58446,-121.47331,337.8,339.5,Digital Elevation Model,Monterey,488.0,Irrigation,Single Well,POINT (-121.47331 36.58446)
29900,15S04E29Q002M,36.59097,-121.54916,86.4,88.8,Digital Elevation Model,Monterey,555.0,Irrigation,Single Well,POINT (-121.54916 36.59097)
29942,773,36.59853,-121.51298,186.8,187.4,Digital Elevation Model,Monterey,608.0,Irrigation,Single Well,POINT (-121.51298 36.59853)
30050,16343,36.60506,-121.48682,275.9,276.2,Digital Elevation Model,Monterey,370.0,Irrigation,Single Well,POINT (-121.48682 36.60506)
30120,1235,36.61197,-121.54079,131.0,133.3,Digital Elevation Model,Monterey,498.0,Irrigation,Single Well,POINT (-121.54079 36.61197)
28526,180,36.46438,-121.38563,172.8,171.0,Digital Elevation Model,Monterey,602.0,Irrigation,Single Well,POINT (-121.38563 36.46438)
28659,2420,36.47559,-121.40434,171.1,171.1,Digital Elevation Model,Monterey,810.0,Irrigation,Single Well,POINT (-121.40434 36.47559)
28663,2489,36.4761,-121.405,170.3,170.7,Digital Elevation Model,Monterey,630.0,Irrigation,Single Well,POINT (-121.405 36.4761)
28664,534,36.47621,-121.42677,140.6,141.6,Digital Elevation Model,Monterey,442.0,Irrigation,Single Well,POINT (-121.42677 36.47621)
28995,2519,36.51224,-121.40796,275.0,275.3,USGS quad,Monterey,1122.0,Irrigation,Single Well,POINT (-121.40796 36.51224)
29055,871,36.51667,-121.43277,168.0,169.0,USGS quad,Monterey,832.0,Irrigation,Single Well,POINT (-121.43277 36.51667)
29257,10410,36.53513,-121.43898,186.0,186.4,Digital Elevation Model,Monterey,299.0,Irrigation,Single Well,POINT (-121.43898 36.53513)
29432,10408,36.55054,-121.44425,226.1,226.4,Digital Elevation Model,Monterey,,Irrigation,Single Well,POINT (-121.44425 36.55054)
25530,1453,36.20795,-121.14653,294.8,295.6,Digital Elevation Model,Monterey,189.0,Irrigation,Single Well,POINT (-121.14653 36.20795)
25638,1747,36.21474,-121.12212,339.7,340.7,Digital Elevation Model,Monterey,350.0,Irrigation,Single Well,POINT (-121.12212 36.21474)
26156,1379,36.26142,-121.14318,279.3,279.5,USGS quad,Monterey,212.0,Irrigation,Single Well,POINT (-121.14318 36.26142)
26293,1822,36.27197,-121.18495,321.7,322.2,Digital Elevation Model,Monterey,228.0,Irrigation,Single Well,POINT (-121.18495 36.27197)
26364,25033,36.28153,-121.17158,250.6,251.5,Digital Elevation Model,Monterey,200.0,Irrigation,Single Well,POINT (-121.17158 36.28153)
26461,10011,36.28651,-121.19807,316.4,317.0,Digital Elevation Model,Monterey,245.0,Residential,Single Well,POINT (-121.19807 36.28651)
26600,1813,36.29969,-121.21579,257.3,257.7,Digital Elevation Model,Monterey,342.0,Irrigation,Single Well,POINT (-121.21579 36.29969)
26974,285,36.3361,-121.21584,256.4,258.8,Digital Elevation Model,Monterey,,Irrigation,Single Well,POINT (-121.21584 36.3361)
26973,1415,36.3361,-121.21584,248.1,248.1,Digital Elevation Model,Monterey,120.0,Irrigation,Single Well,POINT (-121.21584 36.3361)
29141,WELL 02 (NEW)                           ,36.52617,-121.69753,762.0,762.0,Other,Monterey,,Public Supply,Single Well,POINT (-121.69753 36.52617)
29465,16S/02E-12J02,36.55381,-121.69399,668.75,670.69,Unknown,Monterey,330.0,Observation,Single Well,POINT (-121.69399 36.55381)
29466,16S/02E-12J05,36.55382,-121.69399,668.02,669.759,Unknown,Monterey,745.0,Observation,Single Well,POINT (-121.69399 36.55382)
29488,16S/02E-10G01,36.55715,-121.73257,379.95,381.61,Unknown,Monterey,395.0,Observation,Single Well,POINT (-121.73257 36.55715)
29049,391,36.5164,-121.48464,116.8,116.8,Digital Elevation Model,Monterey,,Irrigation,Single Well,POINT (-121.48464 36.5164)
29079,16S04E27B002M,36.51796,-121.51554,104.0,104.3,USGS quad,Monterey,300.0,Irrigation,Single Well,POINT (-121.51554 36.51796)
29234,16S04E13R002M,36.532,-121.47523,117.6,118.0,Digital Elevation Model,Monterey,286.0,Irrigation,Single Well,POINT (-121.47523 36.532)
29254,16S04E15R002M,36.53463,-121.50995,107.1,109.3,Digital Elevation Model,Monterey,300.0,Irrigation,Single Well,POINT (-121.50995 36.53463)
29334,BRME10389,36.54441,-121.52201,103.9,105.1,USGS quad,Monterey,384.0,Unknown,Single Well,POINT (-121.52201 36.54441)
29425,16S04E10R002M,36.54958,-121.50864,103.3,104.1,Digital Elevation Model,Monterey,484.0,Irrigation,Single Well,POINT (-121.50864 36.54958)
29472,CHEA21208,36.55502,-121.54656,88.8,87.6,USGS quad,Monterey,140.0,Observation,Single Well,POINT (-121.54656 36.55502)
29471,CHEB21205,36.55503,-121.54654,88.5,90.0,USGS quad,Monterey,295.0,Observation,Single Well,POINT (-121.54654 36.55503)
29473,16S04E08H002M,36.55514,-121.54741,79.8,81.5,Digital Elevation Model,Monterey,295.0,Observation,Part of a nested/multi-completion well,POINT (-121.54741 36.55514)
29474,1345,36.55535,-121.46851,191.9,192.2,Digital Elevation Model,Monterey,476.0,Irrigation,Single Well,POINT (-121.46851 36.55535)
29601,16S/02E-03J50,36.5672,-121.7266,330.8,331.2,USGS quad,Monterey,810.0,Irrigation,Single Well,POINT (-121.7266 36.5672)
29611,16S/02E-01M01,36.56803,-121.70732,423.6,424.1,USGS quad,Monterey,180.0,Residential,Single Well,POINT (-121.70732 36.56803)
29619,16S/02E-02H01,36.5696,-121.7094,399.2,400.0,Digital Elevation Model,Monterey,204.0,Residential,Single Well,POINT (-121.7094 36.5696)
29624,16S/02E-03F50,36.57,-121.7339,372.0,373.9,USGS quad,Monterey,510.0,Residential,Single Well,POINT (-121.7339 36.57)
29627,16S/02E-02G01,36.57054,-121.71341,370.0,372.2,USGS quad,Monterey,440.0,Residential,Single Well,POINT (-121.71341 36.57054)
29629,16S/02E-03H01,36.571,-121.7264,314.6,314.7,Digital Elevation Model,Monterey,948.0,Irrigation,Single Well,POINT (-121.7264 36.571)
29641,16S/02E-03H02,36.5724,-121.7267,307.3,308.5,USGS quad,Monterey,920.0,Irrigation,Single Well,POINT (-121.7267 36.5724)
29643,FO-05-Deep,36.5729,-121.74466,479.29,479.29,Surveyed to a benchmark,Monterey,1187.0,Observation,Single Well,POINT (-121.74466 36.5729)
29644,FO-05-Shallow,36.57291,-121.74467,478.97,478.97,Surveyed to a benchmark,Monterey,740.0,Observation,Single Well,POINT (-121.74467 36.57291)
29721,16S/02E-03A01,36.5763,-121.7271,0.0,0.0,Digital Elevation Model,Monterey,134.0,Irrigation,Single Well,POINT (-121.7271 36.5763)
29720,16S/02E-03A01,36.5763,-121.7271,298.7,299.4,Digital Elevation Model,Monterey,134.0,Irrigation,Single Well,POINT (-121.7271 36.5763)
29580,16S04E05M002M,36.56519,-121.5597,81.2,82.6,Digital Elevation Model,Monterey,261.0,Irrigation,Single Well,POINT (-121.5597 36.56519)
29822,15S04E31A002M,36.58824,-121.56514,73.4,74.2,Digital Elevation Model,Monterey,335.0,Irrigation,Single Well,POINT (-121.56514 36.58824)
29916,15S03E25L001M,36.5942,-121.59344,76.4,76.6,USGS quad,Monterey,392.0,Irrigation,Single Well,POINT (-121.59344 36.5942)
29943,15S03E26F001M,36.59928,-121.60997,69.8,70.0,Digital Elevation Model,Monterey,316.0,Irrigation,Single Well,POINT (-121.60997 36.59928)
29961,15S03E26A001M,36.60172,-121.60246,59.2,62.2,Digital Elevation Model,Monterey,570.0,Irrigation,Single Well,POINT (-121.60246 36.60172)
30047,15S03E28B002M,36.60497,-121.63931,61.8,70.0,Digital Elevation Model,Monterey,490.0,Residential,Single Well,POINT (-121.63931 36.60497)
30070,15S/03E-20R50,36.607,-121.6548,90.0,99.5,Digital Elevation Model,Monterey,680.0,Public Supply,Single Well,POINT (-121.6548 36.607)
30160,15S/03E-20B01,36.61713,-121.65999,61.92,63.86,Unknown,Monterey,545.0,Observation,Single Well,POINT (-121.65999 36.61713)
30245,15S03E14P002M,36.62049,-121.6109,69.5,71.0,Digital Elevation Model,Monterey,606.0,Irrigation,Single Well,POINT (-121.6109 36.62049)
30267,15S03E13N001M,36.62262,-121.59642,73.1,76.2,Digital Elevation Model,Monterey,275.0,Irrigation,Single Well,POINT (-121.59642 36.62262)
29894,FO-03-Deep,36.5902,-121.75276,774.74,774.74,Surveyed to a benchmark,Monterey,645.0,Observation,Single Well,POINT (-121.75276 36.5902)
30059,15S/02E-25C01,36.6053,-121.6974,141.5,141.0,Digital Elevation Model,Monterey,751.0,Residential,Single Well,POINT (-121.6974 36.6053)
30270,15S/03E-18P01,36.6235,-121.6845,58.0,56.2,Digital Elevation Model,Monterey,810.0,Observation,Single Well,POINT (-121.6845 36.6235)
30636,15S02E12A001M,36.64744,-121.692,45.3,46.4,Digital Elevation Model,Monterey,549.0,Irrigation,Single Well,POINT (-121.692 36.64744)
30674,15S02E12C001M,36.64898,-121.70095,42.0,44.0,USGS quad,Monterey,182.0,Irrigation,Single Well,POINT (-121.70095 36.64898)
30675,MCWD-MW-C2(S),36.64909,-121.75355,311.12,313.83,Unknown,Monterey,828.0,Observation,Single Well,POINT (-121.75355 36.64909)
30676,MCWD-MW-C2(D),36.64909,-121.75355,311.12,313.85,Unknown,Monterey,1227.0,Observation,Single Well,POINT (-121.75355 36.64909)
30274,15S03E17P002M,36.6238,-121.66583,55.7,52.0,Digital Elevation Model,Monterey,760.0,Residential,Single Well,POINT (-121.66583 36.6238)
30287,1359,36.62498,-121.65321,57.7,58.4,USGS quad,Monterey,,Irrigation,Single Well,POINT (-121.65321 36.62498)
30325,1480,36.62654,-121.66918,44.5,49.0,USGS quad,Monterey,271.0,Irrigation,Single Well,POINT (-121.66918 36.62654)
30343,1862,36.6292,-121.64745,56.7,57.5,USGS quad,Monterey,592.0,Irrigation,Single Well,POINT (-121.64745 36.6292)
30353,15S03E17E002M,36.63046,-121.66838,50.9,53.9,USGS quad,Monterey,700.0,Residential,Single Well,POINT (-121.66838 36.63046)
30430,15S03E15B001M,36.63344,-121.62235,68.7,70.5,Digital Elevation Model,Monterey,452.0,Irrigation,Single Well,POINT (-121.62235 36.63344)
30433,10343,36.63365,-121.56449,85.7,86.6,Digital Elevation Model,Monterey,304.0,Irrigation,Single Well,POINT (-121.56449 36.63365)
30459,425,36.6344,-121.56135,92.4,93.1,Digital Elevation Model,Monterey,450.0,Irrigation,Single Well,POINT (-121.56135 36.6344)
30530,15S03E08F001M,36.64222,-121.66568,52.0,49.0,Digital Elevation Model,Monterey,449.0,Irrigation,Single Well,POINT (-121.66568 36.64222)
30532,15S03E09E003M,36.64265,-121.64916,54.9,56.5,Digital Elevation Model,Monterey,249.0,Irrigation,Single Well,POINT (-121.64916 36.64265)
30697,TEST2,36.65186,-121.74902,252.795,254.795,Unknown,Monterey,425.0,Observation,Single Well,POINT (-121.74902 36.65186)
30753,15S02E02G001M,36.65936,-121.71436,37.5,38.8,Digital Elevation Model,Monterey,404.0,Irrigation,Single Well,POINT (-121.71436 36.65936)
30759,PZ-FO-32-910,36.6604,-121.74128,189.612,194.7,Unknown,Monterey,910.0,Observation,Part of a nested/multi-completion well,POINT (-121.74128 36.6604)
30766,15S02E01A003M,36.66078,-121.69099,35.8,35.8,Digital Elevation Model,Monterey,480.0,Irrigation,Single Well,POINT (-121.69099 36.66078)
30653,15S03E10D004M,36.64805,-121.63066,61.7,63.4,USGS quad,Monterey,980.0,Public Supply,Single Well,POINT (-121.63066 36.64805)
30689,15S03E03R002M,36.65079,-121.62006,61.9,62.0,Digital Elevation Model,Monterey,635.0,Public Supply,Single Well,POINT (-121.62006 36.65079)
30696,1726,36.65172,-121.56693,95.1,95.5,USGS quad,Monterey,786.0,Irrigation,Single Well,POINT (-121.56693 36.65172)
30699,15S03E04Q001M,36.65203,-121.64257,61.8,62.0,Digital Elevation Model,Monterey,540.0,Public Supply,Single Well,POINT (-121.64257 36.65203)
30754,685,36.65946,-121.606,71.1,74.0,Digital Elevation Model,Monterey,630.0,Public Supply,Single Well,POINT (-121.606 36.65946)
30776,15S03E05C002M,36.66116,-121.66053,48.7,45.0,Digital Elevation Model,Monterey,614.0,Public Supply,Single Well,POINT (-121.66053 36.66116)
30881,806,36.6661,-121.56939,119.9,120.0,USGS quad,Monterey,710.0,Irrigation,Single Well,POINT (-121.56939 36.6661)
30895,1577,36.66688,-121.59191,140.6,141.4,Digital Elevation Model,Monterey,490.0,Irrigation,Single Well,POINT (-121.59191 36.66688)
30926,26993,36.6697,-121.74113,28.5,30.7,Digital Elevation Model,Monterey,1690.0,Observation,Single Well,POINT (-121.74113 36.6697)
30935,14S03E31L001M,36.67019,-121.67945,45.4,44.0,Digital Elevation Model,Monterey,640.0,Public Supply,Single Well,POINT (-121.67945 36.67019)
30938,14S03E31F001M,36.67094,-121.68183,39.9,40.6,Digital Elevation Model,Monterey,201.0,Residential,Single Well,POINT (-121.68183 36.67094)
30939,14S02E36E001M,36.67135,-121.7046,32.9,33.8,Digital Elevation Model,Monterey,198.0,Irrigation,Single Well,POINT (-121.7046 36.67135)
30949,14S02E36G001M,36.67315,-121.69976,29.4,32.4,Digital Elevation Model,Monterey,416.0,Irrigation,Single Well,POINT (-121.69976 36.67315)
31020,14S02E34A003M,36.6775,-121.72599,33.6,35.2,USGS quad,Monterey,670.0,Irrigation,Single Well,POINT (-121.72599 36.6775)
31030,14S02E34B003M,36.67822,-121.73449,31.6,32.6,Digital Elevation Model,Monterey,346.0,Irrigation,Single Well,POINT (-121.73449 36.67822)
31035,14S03E19C001M,36.67893,-121.71497,64.4,66.7,Digital Elevation Model,Monterey,1723.0,Irrigation,Single Well,POINT (-121.71497 36.67893)
31099,22929,36.68466,-121.73528,26.9,30.6,Digital Elevation Model,Monterey,1180.0,Irrigation,Single Well,POINT (-121.73528 36.68466)
31101,14S02E26J003M,36.68549,-121.71108,31.1,33.2,Digital Elevation Model,Monterey,561.0,Irrigation,Single Well,POINT (-121.71108 36.68549)
31117,26674,36.68761,-121.72609,28.6,32.9,Digital Elevation Model,Monterey,1700.0,Irrigation,Single Well,POINT (-121.72609 36.68761)
31139,14S02E27G003M,36.68949,-121.73422,29.1,30.3,Digital Elevation Model,Monterey,495.0,Irrigation,Single Well,POINT (-121.73422 36.68949)
31229,14S02E28C002M,36.6929,-121.75521,30.2,31.4,Digital Elevation Model,Monterey,1160.0,Irrigation,Single Well,POINT (-121.75521 36.6929)
31233,MCFD22632,36.6933,-121.72944,22.7,22.7,USGS quad,Monterey,293.0,Observation,Single Well,POINT (-121.72944 36.6933)
31235,26988,36.69346,-121.71863,37.1,39.2,Digital Elevation Model,Monterey,1700.0,Irrigation,Single Well,POINT (-121.71863 36.69346)
31236,26989,36.69352,-121.72966,35.5,37.8,Digital Elevation Model,Monterey,1690.0,Irrigation,Single Well,POINT (-121.72966 36.69352)
31239,26974,36.6936,-121.72371,32.4,33.8,Digital Elevation Model,Monterey,1710.0,Irrigation,Single Well,POINT (-121.72371 36.6936)
31286,26103,36.69756,-121.74983,26.1,28.3,Digital Elevation Model,Monterey,1800.0,Irrigation,Single Well,POINT (-121.74983 36.69756)
31268,14S02E21L001M,36.69906,-121.75333,27.1,28.5,USGS quad,Monterey,250.0,Irrigation,Single Well,POINT (-121.75333 36.69906)
31081,1217,36.68356,-121.58136,102.8,103.1,Digital Elevation Model,Monterey,800.0,Irrigation,Single Well,POINT (-121.58136 36.68356)
31284,14S02E22L001M,36.70133,-121.73594,21.5,23.4,Digital Elevation Model,Monterey,700.0,Irrigation,Single Well,POINT (-121.73594 36.70133)
30231,56,36.61904,-121.51873,207.1,207.8,Digital Elevation Model,Monterey,,Irrigation,Single Well,POINT (-121.51873 36.61904)
30241,709,36.61971,-121.50558,247.0,247.9,Digital Elevation Model,Monterey,400.0,Irrigation,Single Well,POINT (-121.50558 36.61971)
30266,2260,36.62258,-121.55684,99.5,100.0,Digital Elevation Model,Monterey,467.0,Irrigation,Single Well,POINT (-121.55684 36.62258)
30347,1599,36.62978,-121.52612,189.7,190.6,Digital Elevation Model,Monterey,510.0,Irrigation,Single Well,POINT (-121.52612 36.62978)
30673,1678,36.64892,-121.54205,137.1,137.2,Digital Elevation Model,Monterey,461.0,Irrigation,Single Well,POINT (-121.54205 36.64892)
31546,14S02E16A002M,36.72107,-121.74608,22.8,24.5,Digital Elevation Model,Monterey,669.0,Irrigation,Single Well,POINT (-121.74608 36.72107)
31562,14S02E17C002M,36.72192,-121.77596,47.3,50.1,USGS quad,Monterey,140.0,Residential,Single Well,POINT (-121.77596 36.72192)
31599,26994,36.72741,-121.78209,47.2,49.5,Digital Elevation Model,Monterey,1690.0,Observation,Single Well,POINT (-121.78209 36.72741)
31606,239,36.72752,-121.78025,14.5,14.5,USGS quad,Monterey,500.0,Irrigation,Single Well,POINT (-121.78025 36.72752)
31778,1157,36.74188,-121.76954,15.8,17.3,Digital Elevation Model,Monterey,510.0,Irrigation,Single Well,POINT (-121.76954 36.74188)
31830,14S02E05F004M,36.74721,-121.77151,14.3,15.7,Digital Elevation Model,Monterey,582.0,Irrigation,Single Well,POINT (-121.77151 36.74721)
31490,14S02E18B001M,36.71959,-121.78541,84.8,86.6,USGS quad,Monterey,1700.0,Irrigation,Single Well,POINT (-121.78541 36.71959)
31790,14S02E06L001M,36.74286,-121.79169,9.6,9.2,USGS quad,Monterey,1560.0,Irrigation,Single Well,POINT (-121.79169 36.74286)
